Entity,Code,Year,"Estimates, 1950 - 2020: Annually interpolated demographic indicators - Total fertility (live births per woman)"
Afghanistan,AFG,2010,5.977
Afghanistan,AFG,2011,5.77
Afghanistan,AFG,2012,5.562
Afghanistan,AFG,2013,5.359
Afghanistan,AFG,2014,5.163
Afghanistan,AFG,2015,4.976
Afghanistan,AFG,2016,4.8
Afghanistan,AFG,2017,4.633
Afghanistan,AFG,2018,4.473
Afghanistan,AFG,2019,4.321
Afghanistan,AFG,2020,4.176
Africa,,2010,4.823
Africa,,2011,4.787
Africa,,2012,4.746
Africa,,2013,4.7
Africa,,2014,4.648
Africa,,2015,4.593
Africa,,2016,4.534
Africa,,2017,4.473
Africa,,2018,4.413
Africa,,2019,4.353
Africa,,2020,4.295
Albania,ALB,2010,1.66
Albania,ALB,2011,1.673
Albania,ALB,2012,1.684
Albania,ALB,2013,1.69
Albania,ALB,2014,1.688
Albania,ALB,2015,1.677
Albania,ALB,2016,1.659
Albania,ALB,2017,1.638
Albania,ALB,2018,1.617
Albania,ALB,2019,1.597
Albania,ALB,2020,1.58
Algeria,DZA,2010,2.86
Algeria,DZA,2011,2.909
Algeria,DZA,2012,2.952
Algeria,DZA,2013,2.99
Algeria,DZA,2014,3.022
Algeria,DZA,2015,3.043
Algeria,DZA,2016,3.052
Algeria,DZA,2017,3.045
Algeria,DZA,2018,3.023
Algeria,DZA,2019,2.988
Algeria,DZA,2020,2.942
Angola,AGO,2010,6.194
Angola,AGO,2011,6.12
Angola,AGO,2012,6.039
Angola,AGO,2013,5.953
Angola,AGO,2014,5.864
Angola,AGO,2015,5.774
Angola,AGO,2016,5.686
Angola,AGO,2017,5.6
Angola,AGO,2018,5.519
Angola,AGO,2019,5.442
Angola,AGO,2020,5.371
Antigua and Barbuda,ATG,2010,1.988
Antigua and Barbuda,ATG,2011,1.989
Antigua and Barbuda,ATG,2012,1.993
Antigua and Barbuda,ATG,2013,1.998
Antigua and Barbuda,ATG,2014,2.001
Antigua and Barbuda,ATG,2015,2.003
Antigua and Barbuda,ATG,2016,2.003
Antigua and Barbuda,ATG,2017,1.999
Antigua and Barbuda,ATG,2018,1.994
Antigua and Barbuda,ATG,2019,1.987
Antigua and Barbuda,ATG,2020,1.978
Argentina,ARG,2010,2.346
Argentina,ARG,2011,2.338
Argentina,ARG,2012,2.33
Argentina,ARG,2013,2.322
Argentina,ARG,2014,2.312
Argentina,ARG,2015,2.301
Argentina,ARG,2016,2.288
Argentina,ARG,2017,2.275
Argentina,ARG,2018,2.261
Argentina,ARG,2019,2.247
Argentina,ARG,2020,2.233
Armenia,ARM,2010,1.722
Armenia,ARM,2011,1.724
Armenia,ARM,2012,1.725
Armenia,ARM,2013,1.728
Armenia,ARM,2014,1.732
Armenia,ARM,2015,1.738
Armenia,ARM,2016,1.744
Armenia,ARM,2017,1.75
Armenia,ARM,2018,1.755
Armenia,ARM,2019,1.758
Armenia,ARM,2020,1.76
Aruba,ABW,2010,1.768
Aruba,ABW,2011,1.779
Aruba,ABW,2012,1.795
Aruba,ABW,2013,1.813
Aruba,ABW,2014,1.834
Aruba,ABW,2015,1.854
Aruba,ABW,2016,1.872
Aruba,ABW,2017,1.886
Aruba,ABW,2018,1.896
Aruba,ABW,2019,1.901
Aruba,ABW,2020,1.901
Asia,,2010,2.264
Asia,,2011,2.242
Asia,,2012,2.222
Asia,,2013,2.204
Asia,,2014,2.189
Asia,,2015,2.176
Asia,,2016,2.165
Asia,,2017,2.154
Asia,,2018,2.143
Asia,,2019,2.133
Asia,,2020,2.121
"Asia, Central",,2010,2.725
"Asia, Central",,2011,2.743
"Asia, Central",,2012,2.755
"Asia, Central",,2013,2.765
"Asia, Central",,2014,2.77
"Asia, Central",,2015,2.771
"Asia, Central",,2016,2.766
"Asia, Central",,2017,2.756
"Asia, Central",,2018,2.74
"Asia, Central",,2019,2.719
"Asia, Central",,2020,2.695
Australia,AUS,2010,1.936
Australia,AUS,2011,1.922
Australia,AUS,2012,1.905
Australia,AUS,2013,1.887
Australia,AUS,2014,1.871
Australia,AUS,2015,1.858
Australia,AUS,2016,1.846
Australia,AUS,2017,1.836
Australia,AUS,2018,1.825
Australia,AUS,2019,1.815
Australia,AUS,2020,1.806
Australia & New Zealand,,2010,1.966
Australia & New Zealand,,2011,1.951
Australia & New Zealand,,2012,1.931
Australia & New Zealand,,2013,1.911
Australia & New Zealand,,2014,1.892
Australia & New Zealand,,2015,1.876
Australia & New Zealand,,2016,1.862
Australia & New Zealand,,2017,1.85
Australia & New Zealand,,2018,1.838
Australia & New Zealand,,2019,1.827
Australia & New Zealand,,2020,1.817
Austria,AUT,2010,1.419
Austria,AUT,2011,1.431
Austria,AUT,2012,1.444
Austria,AUT,2013,1.458
Austria,AUT,2014,1.474
Austria,AUT,2015,1.49
Austria,AUT,2016,1.505
Austria,AUT,2017,1.52
Austria,AUT,2018,1.533
Austria,AUT,2019,1.544
Austria,AUT,2020,1.554
Azerbaijan,AZE,2010,1.954
Azerbaijan,AZE,2011,2.004
Azerbaijan,AZE,2012,2.048
Azerbaijan,AZE,2013,2.082
Azerbaijan,AZE,2014,2.104
Azerbaijan,AZE,2015,2.113
Azerbaijan,AZE,2016,2.109
Azerbaijan,AZE,2017,2.097
Azerbaijan,AZE,2018,2.082
Azerbaijan,AZE,2019,2.063
Azerbaijan,AZE,2020,2.044
Bahamas,BHS,2010,1.865
Bahamas,BHS,2011,1.847
Bahamas,BHS,2012,1.828
Bahamas,BHS,2013,1.81
Bahamas,BHS,2014,1.794
Bahamas,BHS,2015,1.782
Bahamas,BHS,2016,1.771
Bahamas,BHS,2017,1.762
Bahamas,BHS,2018,1.752
Bahamas,BHS,2019,1.743
Bahamas,BHS,2020,1.733
Bahrain,BHR,2010,2.164
Bahrain,BHR,2011,2.139
Bahrain,BHR,2012,2.118
Bahrain,BHR,2013,2.098
Bahrain,BHR,2014,2.078
Bahrain,BHR,2015,2.056
Bahrain,BHR,2016,2.033
Bahrain,BHR,2017,2.01
Bahrain,BHR,2018,1.987
Bahrain,BHR,2019,1.964
Bahrain,BHR,2020,1.942
Bangladesh,BGD,2010,2.324
Bangladesh,BGD,2011,2.273
Bangladesh,BGD,2012,2.228
Bangladesh,BGD,2013,2.188
Bangladesh,BGD,2014,2.152
Bangladesh,BGD,2015,2.12
Bangladesh,BGD,2016,2.09
Bangladesh,BGD,2017,2.062
Bangladesh,BGD,2018,2.036
Bangladesh,BGD,2019,2.011
Bangladesh,BGD,2020,1.987
Barbados,BRB,2010,1.687
Barbados,BRB,2011,1.665
Barbados,BRB,2012,1.645
Barbados,BRB,2013,1.63
Barbados,BRB,2014,1.62
Barbados,BRB,2015,1.614
Barbados,BRB,2016,1.613
Barbados,BRB,2017,1.615
Barbados,BRB,2018,1.619
Barbados,BRB,2019,1.623
Barbados,BRB,2020,1.628
Belarus,BLR,2010,1.555
Belarus,BLR,2011,1.594
Belarus,BLR,2012,1.628
Belarus,BLR,2013,1.655
Belarus,BLR,2014,1.677
Belarus,BLR,2015,1.693
Belarus,BLR,2016,1.704
Belarus,BLR,2017,1.712
Belarus,BLR,2018,1.718
Belarus,BLR,2019,1.722
Belarus,BLR,2020,1.727
Belgium,BEL,2010,1.816
Belgium,BEL,2011,1.806
Belgium,BEL,2012,1.792
Belgium,BEL,2013,1.775
Belgium,BEL,2014,1.759
Belgium,BEL,2015,1.744
Belgium,BEL,2016,1.732
Belgium,BEL,2017,1.723
Belgium,BEL,2018,1.718
Belgium,BEL,2019,1.715
Belgium,BEL,2020,1.716
Belize,BLZ,2010,2.69
Belize,BLZ,2011,2.638
Belize,BLZ,2012,2.588
Belize,BLZ,2013,2.539
Belize,BLZ,2014,2.489
Belize,BLZ,2015,2.439
Belize,BLZ,2016,2.391
Belize,BLZ,2017,2.346
Belize,BLZ,2018,2.307
Belize,BLZ,2019,2.274
Belize,BLZ,2020,2.246
Benin,BEN,2010,5.362
Benin,BEN,2011,5.305
Benin,BEN,2012,5.246
Benin,BEN,2013,5.183
Benin,BEN,2014,5.116
Benin,BEN,2015,5.047
Benin,BEN,2016,4.977
Benin,BEN,2017,4.906
Benin,BEN,2018,4.836
Benin,BEN,2019,4.767
Benin,BEN,2020,4.7
Bhutan,BTN,2010,2.301
Bhutan,BTN,2011,2.224
Bhutan,BTN,2012,2.159
Bhutan,BTN,2013,2.107
Bhutan,BTN,2014,2.067
Bhutan,BTN,2015,2.037
Bhutan,BTN,2016,2.014
Bhutan,BTN,2017,1.994
Bhutan,BTN,2018,1.975
Bhutan,BTN,2019,1.954
Bhutan,BTN,2020,1.931
Bolivia,BOL,2010,3.213
Bolivia,BOL,2011,3.143
Bolivia,BOL,2012,3.076
Bolivia,BOL,2013,3.01
Bolivia,BOL,2014,2.947
Bolivia,BOL,2015,2.886
Bolivia,BOL,2016,2.829
Bolivia,BOL,2017,2.777
Bolivia,BOL,2018,2.73
Bolivia,BOL,2019,2.688
Bolivia,BOL,2020,2.651
Bosnia and Herzegovina,BIH,2010,1.315
Bosnia and Herzegovina,BIH,2011,1.315
Bosnia and Herzegovina,BIH,2012,1.313
Bosnia and Herzegovina,BIH,2013,1.309
Bosnia and Herzegovina,BIH,2014,1.303
Bosnia and Herzegovina,BIH,2015,1.296
Bosnia and Herzegovina,BIH,2016,1.286
Bosnia and Herzegovina,BIH,2017,1.276
Bosnia and Herzegovina,BIH,2018,1.265
Bosnia and Herzegovina,BIH,2019,1.254
Bosnia and Herzegovina,BIH,2020,1.243
Botswana,BWA,2010,3.022
Botswana,BWA,2011,3.017
Botswana,BWA,2012,3.011
Botswana,BWA,2013,3.002
Botswana,BWA,2014,2.988
Botswana,BWA,2015,2.968
Botswana,BWA,2016,2.942
Botswana,BWA,2017,2.91
Botswana,BWA,2018,2.874
Botswana,BWA,2019,2.836
Botswana,BWA,2020,2.796
Brazil,BRA,2010,1.796
Brazil,BRA,2011,1.781
Brazil,BRA,2012,1.771
Brazil,BRA,2013,1.764
Brazil,BRA,2014,1.758
Brazil,BRA,2015,1.753
Brazil,BRA,2016,1.747
Brazil,BRA,2017,1.739
Brazil,BRA,2018,1.73
Brazil,BRA,2019,1.719
Brazil,BRA,2020,1.706
Brunei,BRN,2010,1.937
Brunei,BRN,2011,1.957
Brunei,BRN,2012,1.973
Brunei,BRN,2013,1.978
Brunei,BRN,2014,1.969
Brunei,BRN,2015,1.947
Brunei,BRN,2016,1.915
Brunei,BRN,2017,1.881
Brunei,BRN,2018,1.848
Brunei,BRN,2019,1.819
Brunei,BRN,2020,1.796
Bulgaria,BGR,2010,1.534
Bulgaria,BGR,2011,1.534
Bulgaria,BGR,2012,1.531
Bulgaria,BGR,2013,1.529
Bulgaria,BGR,2014,1.529
Bulgaria,BGR,2015,1.534
Bulgaria,BGR,2016,1.542
Bulgaria,BGR,2017,1.552
Bulgaria,BGR,2018,1.563
Bulgaria,BGR,2019,1.574
Bulgaria,BGR,2020,1.585
Burkina Faso,BFA,2010,5.867
Burkina Faso,BFA,2011,5.781
Burkina Faso,BFA,2012,5.693
Burkina Faso,BFA,2013,5.606
Burkina Faso,BFA,2014,5.521
Burkina Faso,BFA,2015,5.436
Burkina Faso,BFA,2016,5.353
Burkina Faso,BFA,2017,5.271
Burkina Faso,BFA,2018,5.189
Burkina Faso,BFA,2019,5.109
Burkina Faso,BFA,2020,5.029
Burundi,BDI,2010,6.179
Burundi,BDI,2011,6.088
Burundi,BDI,2012,5.994
Burundi,BDI,2013,5.897
Burundi,BDI,2014,5.797
Burundi,BDI,2015,5.697
Burundi,BDI,2016,5.599
Burundi,BDI,2017,5.502
Burundi,BDI,2018,5.41
Burundi,BDI,2019,5.321
Burundi,BDI,2020,5.237
Cambodia,KHM,2010,2.875
Cambodia,KHM,2011,2.804
Cambodia,KHM,2012,2.739
Cambodia,KHM,2013,2.682
Cambodia,KHM,2014,2.633
Cambodia,KHM,2015,2.593
Cambodia,KHM,2016,2.559
Cambodia,KHM,2017,2.53
Cambodia,KHM,2018,2.503
Cambodia,KHM,2019,2.478
Cambodia,KHM,2020,2.453
Cameroon,CMR,2010,5.111
Cameroon,CMR,2011,5.049
Cameroon,CMR,2012,4.984
Cameroon,CMR,2013,4.916
Cameroon,CMR,2014,4.847
Cameroon,CMR,2015,4.777
Cameroon,CMR,2016,4.708
Cameroon,CMR,2017,4.639
Cameroon,CMR,2018,4.572
Cameroon,CMR,2019,4.506
Cameroon,CMR,2020,4.443
Canada,CAN,2010,1.633
Canada,CAN,2011,1.624
Canada,CAN,2012,1.611
Canada,CAN,2013,1.596
Canada,CAN,2014,1.58
Canada,CAN,2015,1.564
Canada,CAN,2016,1.548
Canada,CAN,2017,1.534
Canada,CAN,2018,1.52
Canada,CAN,2019,1.509
Canada,CAN,2020,1.499
Cape Verde,CPV,2010,2.581
Cape Verde,CPV,2011,2.539
Cape Verde,CPV,2012,2.5
Cape Verde,CPV,2013,2.463
Cape Verde,CPV,2014,2.425
Cape Verde,CPV,2015,2.385
Cape Verde,CPV,2016,2.346
Cape Verde,CPV,2017,2.309
Cape Verde,CPV,2018,2.274
Cape Verde,CPV,2019,2.242
Cape Verde,CPV,2020,2.213
Caribbean,,2010,2.342
Caribbean,,2011,2.327
Caribbean,,2012,2.312
Caribbean,,2013,2.295
Caribbean,,2014,2.276
Caribbean,,2015,2.256
Caribbean,,2016,2.235
Caribbean,,2017,2.214
Caribbean,,2018,2.193
Caribbean,,2019,2.174
Caribbean,,2020,2.155
Central African Republic,CAF,2010,5.215
Central African Republic,CAF,2011,5.172
Central African Republic,CAF,2012,5.123
Central African Republic,CAF,2013,5.068
Central African Republic,CAF,2014,5.007
Central African Republic,CAF,2015,4.941
Central African Republic,CAF,2016,4.87
Central African Republic,CAF,2017,4.796
Central African Republic,CAF,2018,4.721
Central African Republic,CAF,2019,4.645
Central African Republic,CAF,2020,4.568
Central America,,2010,2.459
Central America,,2011,2.428
Central America,,2012,2.399
Central America,,2013,2.369
Central America,,2014,2.339
Central America,,2015,2.309
Central America,,2016,2.279
Central America,,2017,2.25
Central America,,2018,2.222
Central America,,2019,2.195
Central America,,2020,2.17
Central and Southern Asia,,2010,2.69
Central and Southern Asia,,2011,2.628
Central and Southern Asia,,2012,2.574
Central and Southern Asia,,2013,2.528
Central and Southern Asia,,2014,2.49
Central and Southern Asia,,2015,2.459
Central and Southern Asia,,2016,2.433
Central and Southern Asia,,2017,2.411
Central and Southern Asia,,2018,2.39
Central and Southern Asia,,2019,2.368
Central and Southern Asia,,2020,2.345
Chad,TCD,2010,6.592
Chad,TCD,2011,6.482
Chad,TCD,2012,6.372
Chad,TCD,2013,6.262
Chad,TCD,2014,6.154
Chad,TCD,2015,6.049
Chad,TCD,2016,5.947
Chad,TCD,2017,5.846
Chad,TCD,2018,5.747
Chad,TCD,2019,5.649
Chad,TCD,2020,5.553
Channel Islands,OWID_CIS,2010,1.585
Channel Islands,OWID_CIS,2011,1.586
Channel Islands,OWID_CIS,2012,1.58
Channel Islands,OWID_CIS,2013,1.569
Channel Islands,OWID_CIS,2014,1.556
Channel Islands,OWID_CIS,2015,1.541
Channel Islands,OWID_CIS,2016,1.527
Channel Islands,OWID_CIS,2017,1.516
Channel Islands,OWID_CIS,2018,1.51
Channel Islands,OWID_CIS,2019,1.509
Channel Islands,OWID_CIS,2020,1.512
Chile,CHL,2010,1.884
Chile,CHL,2011,1.87
Chile,CHL,2012,1.849
Chile,CHL,2013,1.821
Chile,CHL,2014,1.787
Chile,CHL,2015,1.75
Chile,CHL,2016,1.713
Chile,CHL,2017,1.678
Chile,CHL,2018,1.649
Chile,CHL,2019,1.627
Chile,CHL,2020,1.611
China,CHN,2010,1.627
China,CHN,2011,1.632
China,CHN,2012,1.639
China,CHN,2013,1.647
China,CHN,2014,1.656
China,CHN,2015,1.665
China,CHN,2016,1.675
China,CHN,2017,1.683
China,CHN,2018,1.69
China,CHN,2019,1.696
China,CHN,2020,1.7
Colombia,COL,2010,1.992
Colombia,COL,2011,1.958
Colombia,COL,2012,1.93
Colombia,COL,2013,1.905
Colombia,COL,2014,1.883
Colombia,COL,2015,1.863
Colombia,COL,2016,1.843
Colombia,COL,2017,1.825
Colombia,COL,2018,1.807
Colombia,COL,2019,1.789
Colombia,COL,2020,1.771
Comoros,COM,2010,4.754
Comoros,COM,2011,4.693
Comoros,COM,2012,4.628
Comoros,COM,2013,4.561
Comoros,COM,2014,4.491
Comoros,COM,2015,4.419
Comoros,COM,2016,4.347
Comoros,COM,2017,4.275
Comoros,COM,2018,4.205
Comoros,COM,2019,4.138
Comoros,COM,2020,4.073
Congo,COG,2010,4.765
Congo,COG,2011,4.742
Congo,COG,2012,4.712
Congo,COG,2013,4.676
Congo,COG,2014,4.634
Congo,COG,2015,4.587
Congo,COG,2016,4.536
Congo,COG,2017,4.482
Congo,COG,2018,4.428
Congo,COG,2019,4.374
Congo,COG,2020,4.321
Costa Rica,CRI,2010,1.885
Costa Rica,CRI,2011,1.869
Costa Rica,CRI,2012,1.853
Costa Rica,CRI,2013,1.838
Costa Rica,CRI,2014,1.823
Costa Rica,CRI,2015,1.806
Costa Rica,CRI,2016,1.789
Costa Rica,CRI,2017,1.772
Costa Rica,CRI,2018,1.754
Costa Rica,CRI,2019,1.737
Costa Rica,CRI,2020,1.721
Cote d'Ivoire,CIV,2010,5.088
Cote d'Ivoire,CIV,2011,5.029
Cote d'Ivoire,CIV,2012,4.974
Cote d'Ivoire,CIV,2013,4.92
Cote d'Ivoire,CIV,2014,4.867
Cote d'Ivoire,CIV,2015,4.813
Cote d'Ivoire,CIV,2016,4.759
Cote d'Ivoire,CIV,2017,4.704
Cote d'Ivoire,CIV,2018,4.649
Cote d'Ivoire,CIV,2019,4.593
Cote d'Ivoire,CIV,2020,4.536
Croatia,HRV,2010,1.516
Croatia,HRV,2011,1.509
Croatia,HRV,2012,1.499
Croatia,HRV,2013,1.488
Croatia,HRV,2014,1.478
Croatia,HRV,2015,1.468
Croatia,HRV,2016,1.459
Croatia,HRV,2017,1.449
Croatia,HRV,2018,1.44
Croatia,HRV,2019,1.431
Croatia,HRV,2020,1.423
Cuba,CUB,2010,1.647
Cuba,CUB,2011,1.668
Cuba,CUB,2012,1.683
Cuba,CUB,2013,1.689
Cuba,CUB,2014,1.686
Cuba,CUB,2015,1.674
Cuba,CUB,2016,1.656
Cuba,CUB,2017,1.637
Cuba,CUB,2018,1.618
Cuba,CUB,2019,1.602
Cuba,CUB,2020,1.59
Curacao,CUW,2010,2.171
Curacao,CUW,2011,2.148
Curacao,CUW,2012,2.113
Curacao,CUW,2013,2.064
Curacao,CUW,2014,2.004
Curacao,CUW,2015,1.938
Curacao,CUW,2016,1.872
Curacao,CUW,2017,1.813
Curacao,CUW,2018,1.766
Curacao,CUW,2019,1.734
Curacao,CUW,2020,1.716
Cyprus,CYP,2010,1.424
Cyprus,CYP,2011,1.406
Cyprus,CYP,2012,1.39
Cyprus,CYP,2013,1.376
Cyprus,CYP,2014,1.364
Cyprus,CYP,2015,1.354
Cyprus,CYP,2016,1.345
Cyprus,CYP,2017,1.337
Cyprus,CYP,2018,1.329
Cyprus,CYP,2019,1.321
Cyprus,CYP,2020,1.313
Czech Republic,CZE,2010,1.46
Czech Republic,CZE,2011,1.473
Czech Republic,CZE,2012,1.489
Czech Republic,CZE,2013,1.508
Czech Republic,CZE,2014,1.533
Czech Republic,CZE,2015,1.562
Czech Republic,CZE,2016,1.591
Czech Republic,CZE,2017,1.619
Czech Republic,CZE,2018,1.642
Czech Republic,CZE,2019,1.659
Czech Republic,CZE,2020,1.671
Democratic Republic of Congo,COD,2010,6.544
Democratic Republic of Congo,COD,2011,6.493
Democratic Republic of Congo,COD,2012,6.432
Democratic Republic of Congo,COD,2013,6.363
Democratic Republic of Congo,COD,2014,6.287
Democratic Republic of Congo,COD,2015,6.203
Democratic Republic of Congo,COD,2016,6.112
Democratic Republic of Congo,COD,2017,6.017
Democratic Republic of Congo,COD,2018,5.919
Democratic Republic of Congo,COD,2019,5.819
Democratic Republic of Congo,COD,2020,5.718
Denmark,DNK,2010,1.796
Denmark,DNK,2011,1.775
Denmark,DNK,2012,1.756
Denmark,DNK,2013,1.742
Denmark,DNK,2014,1.736
Denmark,DNK,2015,1.737
Denmark,DNK,2016,1.742
Denmark,DNK,2017,1.75
Denmark,DNK,2018,1.758
Denmark,DNK,2019,1.764
Denmark,DNK,2020,1.768
Djibouti,DJI,2010,3.3
Djibouti,DJI,2011,3.213
Djibouti,DJI,2012,3.131
Djibouti,DJI,2013,3.054
Djibouti,DJI,2014,2.981
Djibouti,DJI,2015,2.912
Djibouti,DJI,2016,2.846
Djibouti,DJI,2017,2.785
Djibouti,DJI,2018,2.728
Djibouti,DJI,2019,2.676
Djibouti,DJI,2020,2.627
Dominican Republic,DOM,2010,2.503
Dominican Republic,DOM,2011,2.481
Dominican Republic,DOM,2012,2.46
Dominican Republic,DOM,2013,2.441
Dominican Republic,DOM,2014,2.423
Dominican Republic,DOM,2015,2.405
Dominican Republic,DOM,2016,2.387
Dominican Republic,DOM,2017,2.367
Dominican Republic,DOM,2018,2.346
Dominican Republic,DOM,2019,2.323
Dominican Republic,DOM,2020,2.299
Eastern Africa,,2010,5.148
Eastern Africa,,2011,5.051
Eastern Africa,,2012,4.953
Eastern Africa,,2013,4.855
Eastern Africa,,2014,4.757
Eastern Africa,,2015,4.662
Eastern Africa,,2016,4.569
Eastern Africa,,2017,4.481
Eastern Africa,,2018,4.397
Eastern Africa,,2019,4.317
Eastern Africa,,2020,4.241
Eastern and South-Eastern Asia,,2010,1.828
Eastern and South-Eastern Asia,,2011,1.832
Eastern and South-Eastern Asia,,2012,1.836
Eastern and South-Eastern Asia,,2013,1.838
Eastern and South-Eastern Asia,,2014,1.84
Eastern and South-Eastern Asia,,2015,1.84
Eastern and South-Eastern Asia,,2016,1.838
Eastern and South-Eastern Asia,,2017,1.835
Eastern and South-Eastern Asia,,2018,1.832
Eastern and South-Eastern Asia,,2019,1.828
Eastern and South-Eastern Asia,,2020,1.824
Eastern Asia,,2010,1.608
Eastern Asia,,2011,1.615
Eastern Asia,,2012,1.622
Eastern Asia,,2013,1.629
Eastern Asia,,2014,1.636
Eastern Asia,,2015,1.642
Eastern Asia,,2016,1.647
Eastern Asia,,2017,1.65
Eastern Asia,,2018,1.653
Eastern Asia,,2019,1.655
Eastern Asia,,2020,1.656
Eastern Europe,,2010,1.51
Eastern Europe,,2011,1.538
Eastern Europe,,2012,1.563
Eastern Europe,,2013,1.586
Eastern Europe,,2014,1.607
Eastern Europe,,2015,1.625
Eastern Europe,,2016,1.64
Eastern Europe,,2017,1.651
Eastern Europe,,2018,1.66
Eastern Europe,,2019,1.666
Eastern Europe,,2020,1.67
Ecuador,ECU,2010,2.615
Ecuador,ECU,2011,2.59
Ecuador,ECU,2012,2.567
Ecuador,ECU,2013,2.544
Ecuador,ECU,2014,2.522
Ecuador,ECU,2015,2.499
Ecuador,ECU,2016,2.475
Ecuador,ECU,2017,2.451
Ecuador,ECU,2018,2.427
Ecuador,ECU,2019,2.403
Ecuador,ECU,2020,2.38
Egypt,EGY,2010,3.233
Egypt,EGY,2011,3.311
Egypt,EGY,2012,3.377
Egypt,EGY,2013,3.421
Egypt,EGY,2014,3.441
Egypt,EGY,2015,3.436
Egypt,EGY,2016,3.41
Egypt,EGY,2017,3.37
Egypt,EGY,2018,3.326
Egypt,EGY,2019,3.28
Egypt,EGY,2020,3.236
El Salvador,SLV,2010,2.265
El Salvador,SLV,2011,2.224
El Salvador,SLV,2012,2.187
El Salvador,SLV,2013,2.154
El Salvador,SLV,2014,2.126
El Salvador,SLV,2015,2.101
El Salvador,SLV,2016,2.079
El Salvador,SLV,2017,2.059
El Salvador,SLV,2018,2.039
El Salvador,SLV,2019,2.021
El Salvador,SLV,2020,2.002
Equatorial Guinea,GNQ,2010,5.209
Equatorial Guinea,GNQ,2011,5.126
Equatorial Guinea,GNQ,2012,5.04
Equatorial Guinea,GNQ,2013,4.952
Equatorial Guinea,GNQ,2014,4.863
Equatorial Guinea,GNQ,2015,4.774
Equatorial Guinea,GNQ,2016,4.686
Equatorial Guinea,GNQ,2017,4.599
Equatorial Guinea,GNQ,2018,4.513
Equatorial Guinea,GNQ,2019,4.429
Equatorial Guinea,GNQ,2020,4.346
Eritrea,ERI,2010,4.571
Eritrea,ERI,2011,4.486
Eritrea,ERI,2012,4.407
Eritrea,ERI,2013,4.335
Eritrea,ERI,2014,4.273
Eritrea,ERI,2015,4.217
Eritrea,ERI,2016,4.164
Eritrea,ERI,2017,4.112
Eritrea,ERI,2018,4.056
Eritrea,ERI,2019,3.997
Eritrea,ERI,2020,3.933
Estonia,EST,2010,1.647
Estonia,EST,2011,1.633
Estonia,EST,2012,1.615
Estonia,EST,2013,1.599
Estonia,EST,2014,1.587
Estonia,EST,2015,1.581
Estonia,EST,2016,1.581
Estonia,EST,2017,1.585
Estonia,EST,2018,1.591
Estonia,EST,2019,1.599
Estonia,EST,2020,1.608
Ethiopia,ETH,2010,5.136
Ethiopia,ETH,2011,5.017
Ethiopia,ETH,2012,4.901
Ethiopia,ETH,2013,4.787
Ethiopia,ETH,2014,4.675
Ethiopia,ETH,2015,4.565
Ethiopia,ETH,2016,4.456
Ethiopia,ETH,2017,4.35
Ethiopia,ETH,2018,4.247
Ethiopia,ETH,2019,4.146
Ethiopia,ETH,2020,4.049
Europe,,2010,1.588
Europe,,2011,1.596
Europe,,2012,1.601
Europe,,2013,1.604
Europe,,2014,1.607
Europe,,2015,1.608
Europe,,2016,1.609
Europe,,2017,1.61
Europe,,2018,1.61
Europe,,2019,1.61
Europe,,2020,1.611
Europe and Northern America,,2010,1.701
Europe and Northern America,,2011,1.697
Europe and Northern America,,2012,1.691
Europe and Northern America,,2013,1.684
Europe and Northern America,,2014,1.678
Europe and Northern America,,2015,1.672
Europe and Northern America,,2016,1.668
Europe and Northern America,,2017,1.665
Europe and Northern America,,2018,1.663
Europe and Northern America,,2019,1.662
Europe and Northern America,,2020,1.662
"Europe, Western",,2010,1.656
"Europe, Western",,2011,1.661
"Europe, Western",,2012,1.666
"Europe, Western",,2013,1.67
"Europe, Western",,2014,1.673
"Europe, Western",,2015,1.676
"Europe, Western",,2016,1.679
"Europe, Western",,2017,1.682
"Europe, Western",,2018,1.685
"Europe, Western",,2019,1.689
"Europe, Western",,2020,1.692
Fiji,FJI,2010,2.752
Fiji,FJI,2011,2.761
Fiji,FJI,2012,2.773
Fiji,FJI,2013,2.786
Fiji,FJI,2014,2.795
Fiji,FJI,2015,2.8
Fiji,FJI,2016,2.797
Fiji,FJI,2017,2.788
Fiji,FJI,2018,2.774
Fiji,FJI,2019,2.754
Fiji,FJI,2020,2.729
Finland,FIN,2010,1.829
Finland,FIN,2011,1.809
Finland,FIN,2012,1.78
Finland,FIN,2013,1.743
Finland,FIN,2014,1.7
Finland,FIN,2015,1.653
Finland,FIN,2016,1.606
Finland,FIN,2017,1.56
Finland,FIN,2018,1.518
Finland,FIN,2019,1.483
Finland,FIN,2020,1.455
France,FRA,2010,1.996
France,FRA,2011,1.992
France,FRA,2012,1.981
France,FRA,2013,1.964
France,FRA,2014,1.942
France,FRA,2015,1.917
France,FRA,2016,1.894
France,FRA,2017,1.873
France,FRA,2018,1.857
France,FRA,2019,1.846
France,FRA,2020,1.841
French Guiana,GUF,2010,3.51
French Guiana,GUF,2011,3.478
French Guiana,GUF,2012,3.449
French Guiana,GUF,2013,3.425
French Guiana,GUF,2014,3.405
French Guiana,GUF,2015,3.39
French Guiana,GUF,2016,3.375
French Guiana,GUF,2017,3.358
French Guiana,GUF,2018,3.337
French Guiana,GUF,2019,3.311
French Guiana,GUF,2020,3.281
French Polynesia,PYF,2010,2.095
French Polynesia,PYF,2011,2.07
French Polynesia,PYF,2012,2.048
French Polynesia,PYF,2013,2.027
French Polynesia,PYF,2014,2.008
French Polynesia,PYF,2015,1.99
French Polynesia,PYF,2016,1.973
French Polynesia,PYF,2017,1.956
French Polynesia,PYF,2018,1.941
French Polynesia,PYF,2019,1.927
French Polynesia,PYF,2020,1.913
Gabon,GAB,2010,4.146
Gabon,GAB,2011,4.129
Gabon,GAB,2012,4.113
Gabon,GAB,2013,4.098
Gabon,GAB,2014,4.083
Gabon,GAB,2015,4.064
Gabon,GAB,2016,4.039
Gabon,GAB,2017,4.008
Gabon,GAB,2018,3.969
Gabon,GAB,2019,3.922
Gabon,GAB,2020,3.869
Gambia,GMB,2010,5.583
Gambia,GMB,2011,5.552
Gambia,GMB,2012,5.518
Gambia,GMB,2013,5.48
Gambia,GMB,2014,5.437
Gambia,GMB,2015,5.39
Gambia,GMB,2016,5.338
Gambia,GMB,2017,5.281
Gambia,GMB,2018,5.219
Gambia,GMB,2019,5.154
Gambia,GMB,2020,5.087
Georgia,GEO,2010,1.911
Georgia,GEO,2011,1.95
Georgia,GEO,2012,1.984
Georgia,GEO,2013,2.012
Georgia,GEO,2014,2.034
Georgia,GEO,2015,2.05
Georgia,GEO,2016,2.059
Georgia,GEO,2017,2.062
Georgia,GEO,2018,2.06
Georgia,GEO,2019,2.055
Georgia,GEO,2020,2.046
Germany,DEU,2010,1.384
Germany,DEU,2011,1.4
Germany,DEU,2012,1.422
Germany,DEU,2013,1.449
Germany,DEU,2014,1.478
Germany,DEU,2015,1.509
Germany,DEU,2016,1.539
Germany,DEU,2017,1.565
Germany,DEU,2018,1.585
Germany,DEU,2019,1.6
Germany,DEU,2020,1.61
Ghana,GHA,2010,4.273
Ghana,GHA,2011,4.234
Ghana,GHA,2012,4.192
Ghana,GHA,2013,4.146
Ghana,GHA,2014,4.095
Ghana,GHA,2015,4.041
Ghana,GHA,2016,3.984
Ghana,GHA,2017,3.926
Ghana,GHA,2018,3.87
Ghana,GHA,2019,3.816
Ghana,GHA,2020,3.765
Greece,GRC,2010,1.392
Greece,GRC,2011,1.378
Greece,GRC,2012,1.361
Greece,GRC,2013,1.346
Greece,GRC,2014,1.332
Greece,GRC,2015,1.321
Greece,GRC,2016,1.312
Greece,GRC,2017,1.303
Greece,GRC,2018,1.295
Greece,GRC,2019,1.287
Greece,GRC,2020,1.279
Grenada,GRD,2010,2.24
Grenada,GRD,2011,2.217
Grenada,GRD,2012,2.194
Grenada,GRD,2013,2.171
Grenada,GRD,2014,2.148
Grenada,GRD,2015,2.126
Grenada,GRD,2016,2.104
Grenada,GRD,2017,2.083
Grenada,GRD,2018,2.063
Grenada,GRD,2019,2.042
Grenada,GRD,2020,2.023
Guadeloupe,GLP,2010,2.226
Guadeloupe,GLP,2011,2.215
Guadeloupe,GLP,2012,2.204
Guadeloupe,GLP,2013,2.195
Guadeloupe,GLP,2014,2.188
Guadeloupe,GLP,2015,2.182
Guadeloupe,GLP,2016,2.176
Guadeloupe,GLP,2017,2.169
Guadeloupe,GLP,2018,2.16
Guadeloupe,GLP,2019,2.148
Guadeloupe,GLP,2020,2.135
Guam,GUM,2010,2.488
Guam,GUM,2011,2.469
Guam,GUM,2012,2.45
Guam,GUM,2013,2.429
Guam,GUM,2014,2.406
Guam,GUM,2015,2.383
Guam,GUM,2016,2.358
Guam,GUM,2017,2.334
Guam,GUM,2018,2.313
Guam,GUM,2019,2.293
Guam,GUM,2020,2.275
Guatemala,GTM,2010,3.375
Guatemala,GTM,2011,3.292
Guatemala,GTM,2012,3.219
Guatemala,GTM,2013,3.151
Guatemala,GTM,2014,3.088
Guatemala,GTM,2015,3.029
Guatemala,GTM,2016,2.973
Guatemala,GTM,2017,2.92
Guatemala,GTM,2018,2.87
Guatemala,GTM,2019,2.822
Guatemala,GTM,2020,2.777
Guinea,GIN,2010,5.336
Guinea,GIN,2011,5.256
Guinea,GIN,2012,5.175
Guinea,GIN,2013,5.094
Guinea,GIN,2014,5.013
Guinea,GIN,2015,4.933
Guinea,GIN,2016,4.854
Guinea,GIN,2017,4.777
Guinea,GIN,2018,4.7
Guinea,GIN,2019,4.625
Guinea,GIN,2020,4.552
Guinea-Bissau,GNB,2010,5.049
Guinea-Bissau,GNB,2011,4.987
Guinea-Bissau,GNB,2012,4.923
Guinea-Bissau,GNB,2013,4.855
Guinea-Bissau,GNB,2014,4.783
Guinea-Bissau,GNB,2015,4.708
Guinea-Bissau,GNB,2016,4.631
Guinea-Bissau,GNB,2017,4.553
Guinea-Bissau,GNB,2018,4.476
Guinea-Bissau,GNB,2019,4.402
Guinea-Bissau,GNB,2020,4.331
Guyana,GUY,2010,2.655
Guyana,GUY,2011,2.63
Guyana,GUY,2012,2.606
Guyana,GUY,2013,2.582
Guyana,GUY,2014,2.558
Guyana,GUY,2015,2.534
Guyana,GUY,2016,2.509
Guyana,GUY,2017,2.485
Guyana,GUY,2018,2.462
Guyana,GUY,2019,2.44
Guyana,GUY,2020,2.418
Haiti,HTI,2010,3.427
Haiti,HTI,2011,3.356
Haiti,HTI,2012,3.288
Haiti,HTI,2013,3.223
Haiti,HTI,2014,3.159
Haiti,HTI,2015,3.098
Haiti,HTI,2016,3.041
Haiti,HTI,2017,2.986
Haiti,HTI,2018,2.935
Haiti,HTI,2019,2.887
Haiti,HTI,2020,2.842
High income countries,,2010,1.751
High income countries,,2011,1.742
High income countries,,2012,1.731
High income countries,,2013,1.719
High income countries,,2014,1.707
High income countries,,2015,1.696
High income countries,,2016,1.687
High income countries,,2017,1.68
High income countries,,2018,1.674
High income countries,,2019,1.671
High income countries,,2020,1.67
Honduras,HND,2010,2.957
Honduras,HND,2011,2.86
Honduras,HND,2012,2.774
Honduras,HND,2013,2.699
Honduras,HND,2014,2.635
Honduras,HND,2015,2.581
Honduras,HND,2016,2.536
Honduras,HND,2017,2.496
Honduras,HND,2018,2.46
Honduras,HND,2019,2.427
Honduras,HND,2020,2.394
Hong Kong,HKG,2010,1.117
Hong Kong,HKG,2011,1.151
Hong Kong,HKG,2012,1.184
Hong Kong,HKG,2013,1.216
Hong Kong,HKG,2014,1.245
Hong Kong,HKG,2015,1.271
Hong Kong,HKG,2016,1.295
Hong Kong,HKG,2017,1.317
Hong Kong,HKG,2018,1.337
Hong Kong,HKG,2019,1.356
Hong Kong,HKG,2020,1.374
Hungary,HUN,2010,1.321
Hungary,HUN,2011,1.326
Hungary,HUN,2012,1.338
Hungary,HUN,2013,1.356
Hungary,HUN,2014,1.38
Hungary,HUN,2015,1.408
Hungary,HUN,2016,1.438
Hungary,HUN,2017,1.467
Hungary,HUN,2018,1.491
Hungary,HUN,2019,1.51
Hungary,HUN,2020,1.524
Iceland,ISL,2010,2.083
Iceland,ISL,2011,2.05
Iceland,ISL,2012,2.008
Iceland,ISL,2013,1.962
Iceland,ISL,2014,1.916
Iceland,ISL,2015,1.87
Iceland,ISL,2016,1.83
Iceland,ISL,2017,1.795
Iceland,ISL,2018,1.767
Iceland,ISL,2019,1.745
Iceland,ISL,2020,1.73
India,IND,2010,2.581
India,IND,2011,2.506
India,IND,2012,2.439
India,IND,2013,2.381
India,IND,2014,2.333
India,IND,2015,2.295
India,IND,2016,2.266
India,IND,2017,2.243
India,IND,2018,2.222
India,IND,2019,2.202
India,IND,2020,2.184
Indonesia,IDN,2010,2.483
Indonesia,IDN,2011,2.471
Indonesia,IDN,2012,2.455
Indonesia,IDN,2013,2.436
Indonesia,IDN,2014,2.413
Indonesia,IDN,2015,2.389
Indonesia,IDN,2016,2.362
Indonesia,IDN,2017,2.336
Indonesia,IDN,2018,2.311
Indonesia,IDN,2019,2.288
Indonesia,IDN,2020,2.266
Iran,IRN,2010,1.839
Iran,IRN,2011,1.866
Iran,IRN,2012,1.901
Iran,IRN,2013,1.945
Iran,IRN,2014,1.993
Iran,IRN,2015,2.041
Iran,IRN,2016,2.083
Iran,IRN,2017,2.116
Iran,IRN,2018,2.137
Iran,IRN,2019,2.146
Iran,IRN,2020,2.142
Iraq,IRQ,2010,4.343
Iraq,IRQ,2011,4.301
Iraq,IRQ,2012,4.243
Iraq,IRQ,2013,4.168
Iraq,IRQ,2014,4.076
Iraq,IRQ,2015,3.972
Iraq,IRQ,2016,3.864
Iraq,IRQ,2017,3.762
Iraq,IRQ,2018,3.672
Iraq,IRQ,2019,3.597
Iraq,IRQ,2020,3.537
Ireland,IRL,2010,1.999
Ireland,IRL,2011,1.988
Ireland,IRL,2012,1.972
Ireland,IRL,2013,1.952
Ireland,IRL,2014,1.929
Ireland,IRL,2015,1.905
Ireland,IRL,2016,1.881
Ireland,IRL,2017,1.858
Ireland,IRL,2018,1.838
Ireland,IRL,2019,1.821
Ireland,IRL,2020,1.807
Israel,ISR,2010,2.987
Israel,ISR,2011,3.009
Israel,ISR,2012,3.03
Israel,ISR,2013,3.046
Israel,ISR,2014,3.057
Israel,ISR,2015,3.061
Israel,ISR,2016,3.059
Israel,ISR,2017,3.05
Israel,ISR,2018,3.036
Israel,ISR,2019,3.018
Israel,ISR,2020,2.996
Italy,ITA,2010,1.445
Italy,ITA,2011,1.439
Italy,ITA,2012,1.428
Italy,ITA,2013,1.413
Italy,ITA,2014,1.396
Italy,ITA,2015,1.377
Italy,ITA,2016,1.359
Italy,ITA,2017,1.341
Italy,ITA,2018,1.326
Italy,ITA,2019,1.313
Italy,ITA,2020,1.304
Jamaica,JAM,2010,2.173
Jamaica,JAM,2011,2.136
Jamaica,JAM,2012,2.102
Jamaica,JAM,2013,2.072
Jamaica,JAM,2014,2.047
Jamaica,JAM,2015,2.026
Jamaica,JAM,2016,2.009
Jamaica,JAM,2017,1.993
Jamaica,JAM,2018,1.979
Jamaica,JAM,2019,1.965
Jamaica,JAM,2020,1.95
Japan,JPN,2010,1.379
Japan,JPN,2011,1.391
Japan,JPN,2012,1.398
Japan,JPN,2013,1.401
Japan,JPN,2014,1.4
Japan,JPN,2015,1.395
Japan,JPN,2016,1.387
Japan,JPN,2017,1.378
Japan,JPN,2018,1.371
Japan,JPN,2019,1.366
Japan,JPN,2020,1.363
Jordan,JOR,2010,3.631
Jordan,JOR,2011,3.541
Jordan,JOR,2012,3.436
Jordan,JOR,2013,3.319
Jordan,JOR,2014,3.196
Jordan,JOR,2015,3.071
Jordan,JOR,2016,2.954
Jordan,JOR,2017,2.849
Jordan,JOR,2018,2.761
Jordan,JOR,2019,2.691
Jordan,JOR,2020,2.639
Kazakhstan,KAZ,2010,2.64
Kazakhstan,KAZ,2011,2.668
Kazakhstan,KAZ,2012,2.689
Kazakhstan,KAZ,2013,2.707
Kazakhstan,KAZ,2014,2.725
Kazakhstan,KAZ,2015,2.741
Kazakhstan,KAZ,2016,2.752
Kazakhstan,KAZ,2017,2.755
Kazakhstan,KAZ,2018,2.748
Kazakhstan,KAZ,2019,2.733
Kazakhstan,KAZ,2020,2.709
Kenya,KEN,2010,4.369
Kenya,KEN,2011,4.248
Kenya,KEN,2012,4.123
Kenya,KEN,2013,3.999
Kenya,KEN,2014,3.879
Kenya,KEN,2015,3.765
Kenya,KEN,2016,3.663
Kenya,KEN,2017,3.572
Kenya,KEN,2018,3.492
Kenya,KEN,2019,3.423
Kenya,KEN,2020,3.365
Kiribati,KIR,2010,3.843
Kiribati,KIR,2011,3.822
Kiribati,KIR,2012,3.796
Kiribati,KIR,2013,3.765
Kiribati,KIR,2014,3.73
Kiribati,KIR,2015,3.692
Kiribati,KIR,2016,3.651
Kiribati,KIR,2017,3.61
Kiribati,KIR,2018,3.569
Kiribati,KIR,2019,3.53
Kiribati,KIR,2020,3.493
Kuwait,KWT,2010,2.234
Kuwait,KWT,2011,2.182
Kuwait,KWT,2012,2.139
Kuwait,KWT,2013,2.109
Kuwait,KWT,2014,2.09
Kuwait,KWT,2015,2.083
Kuwait,KWT,2016,2.082
Kuwait,KWT,2017,2.083
Kuwait,KWT,2018,2.082
Kuwait,KWT,2019,2.077
Kuwait,KWT,2020,2.068
Kyrgyzstan,KGZ,2010,3.082
Kyrgyzstan,KGZ,2011,3.169
Kyrgyzstan,KGZ,2012,3.226
Kyrgyzstan,KGZ,2013,3.251
Kyrgyzstan,KGZ,2014,3.241
Kyrgyzstan,KGZ,2015,3.202
Kyrgyzstan,KGZ,2016,3.142
Kyrgyzstan,KGZ,2017,3.074
Kyrgyzstan,KGZ,2018,3.009
Kyrgyzstan,KGZ,2019,2.952
Kyrgyzstan,KGZ,2020,2.906
Land-locked Developing Countries (LLDC),,2010,4.484
Land-locked Developing Countries (LLDC),,2011,4.423
Land-locked Developing Countries (LLDC),,2012,4.359
Land-locked Developing Countries (LLDC),,2013,4.293
Land-locked Developing Countries (LLDC),,2014,4.225
Land-locked Developing Countries (LLDC),,2015,4.156
Land-locked Developing Countries (LLDC),,2016,4.087
Land-locked Developing Countries (LLDC),,2017,4.019
Land-locked Developing Countries (LLDC),,2018,3.952
Land-locked Developing Countries (LLDC),,2019,3.887
Land-locked Developing Countries (LLDC),,2020,3.824
Laos,LAO,2010,3.143
Laos,LAO,2011,3.056
Laos,LAO,2012,2.977
Laos,LAO,2013,2.907
Laos,LAO,2014,2.847
Laos,LAO,2015,2.796
Laos,LAO,2016,2.751
Laos,LAO,2017,2.709
Laos,LAO,2018,2.667
Laos,LAO,2019,2.626
Laos,LAO,2020,2.583
Latin America and the Caribbean,,2010,2.188
Latin America and the Caribbean,,2011,2.165
Latin America and the Caribbean,,2012,2.145
Latin America and the Caribbean,,2013,2.125
Latin America and the Caribbean,,2014,2.107
Latin America and the Caribbean,,2015,2.088
Latin America and the Caribbean,,2016,2.07
Latin America and the Caribbean,,2017,2.052
Latin America and the Caribbean,,2018,2.034
Latin America and the Caribbean,,2019,2.017
Latin America and the Caribbean,,2020,1.999
Latvia,LVA,2010,1.494
Latvia,LVA,2011,1.502
Latvia,LVA,2012,1.515
Latvia,LVA,2013,1.537
Latvia,LVA,2014,1.569
Latvia,LVA,2015,1.606
Latvia,LVA,2016,1.646
Latvia,LVA,2017,1.682
Latvia,LVA,2018,1.711
Latvia,LVA,2019,1.732
Latvia,LVA,2020,1.743
Least Developed Countries,,2010,4.475
Least Developed Countries,,2011,4.408
Least Developed Countries,,2012,4.342
Least Developed Countries,,2013,4.277
Least Developed Countries,,2014,4.213
Least Developed Countries,,2015,4.151
Least Developed Countries,,2016,4.09
Least Developed Countries,,2017,4.032
Least Developed Countries,,2018,3.975
Least Developed Countries,,2019,3.92
Least Developed Countries,,2020,3.867
Lebanon,LBN,2010,1.966
Lebanon,LBN,2011,2.002
Lebanon,LBN,2012,2.038
Lebanon,LBN,2013,2.069
Lebanon,LBN,2014,2.091
Lebanon,LBN,2015,2.103
Lebanon,LBN,2016,2.104
Lebanon,LBN,2017,2.097
Lebanon,LBN,2018,2.087
Lebanon,LBN,2019,2.075
Lebanon,LBN,2020,2.06
Lesotho,LSO,2010,3.302
Lesotho,LSO,2011,3.282
Lesotho,LSO,2012,3.265
Lesotho,LSO,2013,3.25
Lesotho,LSO,2014,3.235
Lesotho,LSO,2015,3.218
Lesotho,LSO,2016,3.197
Lesotho,LSO,2017,3.171
Lesotho,LSO,2018,3.141
Lesotho,LSO,2019,3.108
Lesotho,LSO,2020,3.07
Less Developed Regions,,2010,2.698
Less Developed Regions,,2011,2.681
Less Developed Regions,,2012,2.664
Less Developed Regions,,2013,2.649
Less Developed Regions,,2014,2.635
Less Developed Regions,,2015,2.622
Less Developed Regions,,2016,2.61
Less Developed Regions,,2017,2.597
Less Developed Regions,,2018,2.584
Less Developed Regions,,2019,2.571
Less Developed Regions,,2020,2.558
"Less Developed Regions, excluding China",,2010,3.05
"Less Developed Regions, excluding China",,2011,3.016
"Less Developed Regions, excluding China",,2012,2.983
"Less Developed Regions, excluding China",,2013,2.952
"Less Developed Regions, excluding China",,2014,2.924
"Less Developed Regions, excluding China",,2015,2.896
"Less Developed Regions, excluding China",,2016,2.871
"Less Developed Regions, excluding China",,2017,2.846
"Less Developed Regions, excluding China",,2018,2.822
"Less Developed Regions, excluding China",,2019,2.799
"Less Developed Regions, excluding China",,2020,2.776
"Less Developed Regions, excluding Least Developed Countries",,2010,2.416
"Less Developed Regions, excluding Least Developed Countries",,2011,2.4
"Less Developed Regions, excluding Least Developed Countries",,2012,2.386
"Less Developed Regions, excluding Least Developed Countries",,2013,2.373
"Less Developed Regions, excluding Least Developed Countries",,2014,2.361
"Less Developed Regions, excluding Least Developed Countries",,2015,2.35
"Less Developed Regions, excluding Least Developed Countries",,2016,2.339
"Less Developed Regions, excluding Least Developed Countries",,2017,2.328
"Less Developed Regions, excluding Least Developed Countries",,2018,2.317
"Less Developed Regions, excluding Least Developed Countries",,2019,2.306
"Less Developed Regions, excluding Least Developed Countries",,2020,2.295
Liberia,LBR,2010,4.971
Liberia,LBR,2011,4.881
Liberia,LBR,2012,4.793
Liberia,LBR,2013,4.706
Liberia,LBR,2014,4.621
Liberia,LBR,2015,4.54
Liberia,LBR,2016,4.461
Liberia,LBR,2017,4.387
Liberia,LBR,2018,4.315
Liberia,LBR,2019,4.247
Liberia,LBR,2020,4.183
Libya,LBY,2010,2.478
Libya,LBY,2011,2.466
Libya,LBY,2012,2.447
Libya,LBY,2013,2.423
Libya,LBY,2014,2.392
Libya,LBY,2015,2.356
Libya,LBY,2016,2.317
Libya,LBY,2017,2.277
Libya,LBY,2018,2.24
Libya,LBY,2019,2.206
Libya,LBY,2020,2.175
Lithuania,LTU,2010,1.51
Lithuania,LTU,2011,1.544
Lithuania,LTU,2012,1.575
Lithuania,LTU,2013,1.602
Lithuania,LTU,2014,1.625
Lithuania,LTU,2015,1.643
Lithuania,LTU,2016,1.657
Lithuania,LTU,2017,1.668
Lithuania,LTU,2018,1.676
Lithuania,LTU,2019,1.684
Lithuania,LTU,2020,1.69
Lower-middle-income countries,,2010,2.964
Lower-middle-income countries,,2011,2.92
Lower-middle-income countries,,2012,2.879
Lower-middle-income countries,,2013,2.841
Lower-middle-income countries,,2014,2.806
Lower-middle-income countries,,2015,2.775
Lower-middle-income countries,,2016,2.747
Lower-middle-income countries,,2017,2.72
Lower-middle-income countries,,2018,2.696
Lower-middle-income countries,,2019,2.672
Lower-middle-income countries,,2020,2.649
Low-income countries,,2010,5.104
Low-income countries,,2011,5.028
Low-income countries,,2012,4.949
Low-income countries,,2013,4.871
Low-income countries,,2014,4.792
Low-income countries,,2015,4.713
Low-income countries,,2016,4.635
Low-income countries,,2017,4.558
Low-income countries,,2018,4.483
Low-income countries,,2019,4.408
Low-income countries,,2020,4.336
Luxembourg,LUX,2010,1.588
Luxembourg,LUX,2011,1.572
Luxembourg,LUX,2012,1.554
Luxembourg,LUX,2013,1.535
Luxembourg,LUX,2014,1.515
Luxembourg,LUX,2015,1.495
Luxembourg,LUX,2016,1.476
Luxembourg,LUX,2017,1.459
Luxembourg,LUX,2018,1.444
Luxembourg,LUX,2019,1.432
Luxembourg,LUX,2020,1.423
Macao,MAC,2010,1.093
Macao,MAC,2011,1.131
Macao,MAC,2012,1.161
Macao,MAC,2013,1.183
Macao,MAC,2014,1.196
Macao,MAC,2015,1.203
Macao,MAC,2016,1.207
Macao,MAC,2017,1.211
Macao,MAC,2018,1.217
Macao,MAC,2019,1.228
Macao,MAC,2020,1.244
Macedonia,MKD,2010,1.468
Macedonia,MKD,2011,1.477
Macedonia,MKD,2012,1.488
Macedonia,MKD,2013,1.497
Macedonia,MKD,2014,1.504
Macedonia,MKD,2015,1.507
Macedonia,MKD,2016,1.506
Macedonia,MKD,2017,1.501
Macedonia,MKD,2018,1.496
Macedonia,MKD,2019,1.489
Macedonia,MKD,2020,1.482
Madagascar,MDG,2010,4.603
Madagascar,MDG,2011,4.52
Madagascar,MDG,2012,4.442
Madagascar,MDG,2013,4.369
Madagascar,MDG,2014,4.302
Madagascar,MDG,2015,4.241
Madagascar,MDG,2016,4.184
Madagascar,MDG,2017,4.13
Madagascar,MDG,2018,4.077
Madagascar,MDG,2019,4.026
Madagascar,MDG,2020,3.976
Malawi,MWI,2010,5.332
Malawi,MWI,2011,5.161
Malawi,MWI,2012,4.988
Malawi,MWI,2013,4.821
Malawi,MWI,2014,4.666
Malawi,MWI,2015,4.527
Malawi,MWI,2016,4.407
Malawi,MWI,2017,4.302
Malawi,MWI,2018,4.209
Malawi,MWI,2019,4.127
Malawi,MWI,2020,4.055
Malaysia,MYS,2010,2.149
Malaysia,MYS,2011,2.129
Malaysia,MYS,2012,2.11
Malaysia,MYS,2013,2.092
Malaysia,MYS,2014,2.074
Malaysia,MYS,2015,2.056
Malaysia,MYS,2016,2.037
Malaysia,MYS,2017,2.019
Malaysia,MYS,2018,2.001
Malaysia,MYS,2019,1.983
Malaysia,MYS,2020,1.965
Maldives,MDV,2010,2.206
Maldives,MDV,2011,2.171
Maldives,MDV,2012,2.129
Maldives,MDV,2013,2.084
Maldives,MDV,2014,2.038
Maldives,MDV,2015,1.991
Maldives,MDV,2016,1.947
Maldives,MDV,2017,1.906
Maldives,MDV,2018,1.87
Maldives,MDV,2019,1.84
Maldives,MDV,2020,1.815
Mali,MLI,2010,6.547
Mali,MLI,2011,6.474
Mali,MLI,2012,6.396
Mali,MLI,2013,6.315
Mali,MLI,2014,6.231
Mali,MLI,2015,6.145
Mali,MLI,2016,6.057
Mali,MLI,2017,5.968
Mali,MLI,2018,5.877
Mali,MLI,2019,5.785
Mali,MLI,2020,5.693
Malta,MLT,2010,1.383
Malta,MLT,2011,1.386
Malta,MLT,2012,1.391
Malta,MLT,2013,1.398
Malta,MLT,2014,1.407
Malta,MLT,2015,1.418
Malta,MLT,2016,1.43
Malta,MLT,2017,1.442
Malta,MLT,2018,1.455
Malta,MLT,2019,1.467
Malta,MLT,2020,1.479
Martinique,MTQ,2010,2.023
Martinique,MTQ,2011,2.008
Martinique,MTQ,2012,1.99
Martinique,MTQ,2013,1.969
Martinique,MTQ,2014,1.948
Martinique,MTQ,2015,1.927
Martinique,MTQ,2016,1.908
Martinique,MTQ,2017,1.89
Martinique,MTQ,2018,1.874
Martinique,MTQ,2019,1.86
Martinique,MTQ,2020,1.848
Mauritania,MRT,2010,4.98
Mauritania,MRT,2011,4.939
Mauritania,MRT,2012,4.895
Mauritania,MRT,2013,4.847
Mauritania,MRT,2014,4.794
Mauritania,MRT,2015,4.738
Mauritania,MRT,2016,4.679
Mauritania,MRT,2017,4.619
Mauritania,MRT,2018,4.561
Mauritania,MRT,2019,4.503
Mauritania,MRT,2020,4.449
Mauritius,MUS,2010,1.582
Mauritius,MUS,2011,1.541
Mauritius,MUS,2012,1.505
Mauritius,MUS,2013,1.473
Mauritius,MUS,2014,1.446
Mauritius,MUS,2015,1.424
Mauritius,MUS,2016,1.406
Mauritius,MUS,2017,1.391
Mauritius,MUS,2018,1.379
Mauritius,MUS,2019,1.368
Mauritius,MUS,2020,1.359
Mayotte,MYT,2010,4.363
Mayotte,MYT,2011,4.264
Mayotte,MYT,2012,4.164
Mayotte,MYT,2013,4.069
Mayotte,MYT,2014,3.98
Mayotte,MYT,2015,3.899
Mayotte,MYT,2016,3.826
Mayotte,MYT,2017,3.758
Mayotte,MYT,2018,3.694
Mayotte,MYT,2019,3.632
Mayotte,MYT,2020,3.573
Melanesia,OWID_MNS,2010,3.837
Melanesia,OWID_MNS,2011,3.794
Melanesia,OWID_MNS,2012,3.751
Melanesia,OWID_MNS,2013,3.71
Melanesia,OWID_MNS,2014,3.669
Melanesia,OWID_MNS,2015,3.628
Melanesia,OWID_MNS,2016,3.588
Melanesia,OWID_MNS,2017,3.548
Melanesia,OWID_MNS,2018,3.509
Melanesia,OWID_MNS,2019,3.469
Melanesia,OWID_MNS,2020,3.429
Mexico,MEX,2010,2.34
Mexico,MEX,2011,2.317
Mexico,MEX,2012,2.294
Mexico,MEX,2013,2.27
Mexico,MEX,2014,2.243
Mexico,MEX,2015,2.215
Mexico,MEX,2016,2.186
Mexico,MEX,2017,2.157
Mexico,MEX,2018,2.129
Mexico,MEX,2019,2.103
Mexico,MEX,2020,2.079
Micronesia (country),FSM,2010,3.46
Micronesia (country),FSM,2011,3.402
Micronesia (country),FSM,2012,3.347
Micronesia (country),FSM,2013,3.294
Micronesia (country),FSM,2014,3.243
Micronesia (country),FSM,2015,3.193
Micronesia (country),FSM,2016,3.145
Micronesia (country),FSM,2017,3.098
Micronesia (country),FSM,2018,3.053
Micronesia (country),FSM,2019,3.01
Micronesia (country),FSM,2020,2.968
Middle Africa,,2010,6.105
Middle Africa,,2011,6.045
Middle Africa,,2012,5.978
Middle Africa,,2013,5.905
Middle Africa,,2014,5.828
Middle Africa,,2015,5.748
Middle Africa,,2016,5.664
Middle Africa,,2017,5.579
Middle Africa,,2018,5.493
Middle Africa,,2019,5.408
Middle Africa,,2020,5.324
Middle-income countries,,2010,2.425
Middle-income countries,,2011,2.411
Middle-income countries,,2012,2.398
Middle-income countries,,2013,2.387
Middle-income countries,,2014,2.376
Middle-income countries,,2015,2.367
Middle-income countries,,2016,2.358
Middle-income countries,,2017,2.349
Middle-income countries,,2018,2.339
Middle-income countries,,2019,2.329
Middle-income countries,,2020,2.318
Moldova,MDA,2010,1.275
Moldova,MDA,2011,1.276
Moldova,MDA,2012,1.273
Moldova,MDA,2013,1.27
Moldova,MDA,2014,1.265
Moldova,MDA,2015,1.261
Moldova,MDA,2016,1.259
Moldova,MDA,2017,1.259
Moldova,MDA,2018,1.262
Moldova,MDA,2019,1.269
Moldova,MDA,2020,1.278
Mongolia,MNG,2010,2.637
Mongolia,MNG,2011,2.722
Mongolia,MNG,2012,2.794
Mongolia,MNG,2013,2.852
Mongolia,MNG,2014,2.894
Mongolia,MNG,2015,2.918
Mongolia,MNG,2016,2.923
Mongolia,MNG,2017,2.914
Mongolia,MNG,2018,2.895
Mongolia,MNG,2019,2.867
Mongolia,MNG,2020,2.834
Montenegro,MNE,2010,1.76
Montenegro,MNE,2011,1.741
Montenegro,MNE,2012,1.728
Montenegro,MNE,2013,1.72
Montenegro,MNE,2014,1.719
Montenegro,MNE,2015,1.723
Montenegro,MNE,2016,1.73
Montenegro,MNE,2017,1.738
Montenegro,MNE,2018,1.745
Montenegro,MNE,2019,1.748
Montenegro,MNE,2020,1.749
More Developed Regions,,2010,1.68
More Developed Regions,,2011,1.678
More Developed Regions,,2012,1.673
More Developed Regions,,2013,1.667
More Developed Regions,,2014,1.66
More Developed Regions,,2015,1.655
More Developed Regions,,2016,1.65
More Developed Regions,,2017,1.646
More Developed Regions,,2018,1.643
More Developed Regions,,2019,1.642
More Developed Regions,,2020,1.642
Morocco,MAR,2010,2.567
Morocco,MAR,2011,2.576
Morocco,MAR,2012,2.579
Morocco,MAR,2013,2.571
Morocco,MAR,2014,2.552
Morocco,MAR,2015,2.524
Morocco,MAR,2016,2.489
Morocco,MAR,2017,2.451
Morocco,MAR,2018,2.415
Morocco,MAR,2019,2.382
Morocco,MAR,2020,2.353
Mozambique,MOZ,2010,5.392
Mozambique,MOZ,2011,5.329
Mozambique,MOZ,2012,5.264
Mozambique,MOZ,2013,5.198
Mozambique,MOZ,2014,5.131
Mozambique,MOZ,2015,5.062
Mozambique,MOZ,2016,4.992
Mozambique,MOZ,2017,4.922
Mozambique,MOZ,2018,4.852
Mozambique,MOZ,2019,4.783
Mozambique,MOZ,2020,4.713
Myanmar,MMR,2010,2.359
Myanmar,MMR,2011,2.312
Myanmar,MMR,2012,2.274
Myanmar,MMR,2013,2.242
Myanmar,MMR,2014,2.217
Myanmar,MMR,2015,2.198
Myanmar,MMR,2016,2.182
Myanmar,MMR,2017,2.168
Myanmar,MMR,2018,2.154
Myanmar,MMR,2019,2.138
Myanmar,MMR,2020,2.121
Namibia,NAM,2010,3.631
Namibia,NAM,2011,3.632
Namibia,NAM,2012,3.623
Namibia,NAM,2013,3.604
Namibia,NAM,2014,3.577
Namibia,NAM,2015,3.54
Namibia,NAM,2016,3.496
Namibia,NAM,2017,3.447
Namibia,NAM,2018,3.396
Namibia,NAM,2019,3.344
Namibia,NAM,2020,3.293
Nepal,NPL,2010,2.542
Nepal,NPL,2011,2.444
Nepal,NPL,2012,2.351
Nepal,NPL,2013,2.261
Nepal,NPL,2014,2.176
Nepal,NPL,2015,2.098
Nepal,NPL,2016,2.027
Nepal,NPL,2017,1.967
Nepal,NPL,2018,1.917
Nepal,NPL,2019,1.876
Nepal,NPL,2020,1.845
Netherlands,NLD,2010,1.745
Netherlands,NLD,2011,1.74
Netherlands,NLD,2012,1.731
Netherlands,NLD,2013,1.72
Netherlands,NLD,2014,1.707
Netherlands,NLD,2015,1.693
Netherlands,NLD,2016,1.681
Netherlands,NLD,2017,1.671
Netherlands,NLD,2018,1.664
Netherlands,NLD,2019,1.662
Netherlands,NLD,2020,1.663
New Caledonia,NCL,2010,2.242
New Caledonia,NCL,2011,2.218
New Caledonia,NCL,2012,2.188
New Caledonia,NCL,2013,2.153
New Caledonia,NCL,2014,2.114
New Caledonia,NCL,2015,2.073
New Caledonia,NCL,2016,2.033
New Caledonia,NCL,2017,1.997
New Caledonia,NCL,2018,1.966
New Caledonia,NCL,2019,1.942
New Caledonia,NCL,2020,1.923
New Zealand,NZL,2010,2.113
New Zealand,NZL,2011,2.09
New Zealand,NZL,2012,2.06
New Zealand,NZL,2013,2.028
New Zealand,NZL,2014,1.995
New Zealand,NZL,2015,1.965
New Zealand,NZL,2016,1.938
New Zealand,NZL,2017,1.915
New Zealand,NZL,2018,1.895
New Zealand,NZL,2019,1.879
New Zealand,NZL,2020,1.866
Nicaragua,NIC,2010,2.601
Nicaragua,NIC,2011,2.575
Nicaragua,NIC,2012,2.55
Nicaragua,NIC,2013,2.526
Nicaragua,NIC,2014,2.503
Nicaragua,NIC,2015,2.48
Nicaragua,NIC,2016,2.455
Nicaragua,NIC,2017,2.43
Nicaragua,NIC,2018,2.404
Nicaragua,NIC,2019,2.377
Nicaragua,NIC,2020,2.349
Niger,NER,2010,7.473
Niger,NER,2011,7.429
Niger,NER,2012,7.376
Niger,NER,2013,7.314
Niger,NER,2014,7.245
Niger,NER,2015,7.169
Niger,NER,2016,7.087
Niger,NER,2017,7.001
Niger,NER,2018,6.913
Niger,NER,2019,6.824
Niger,NER,2020,6.735
Nigeria,NGA,2010,5.839
Nigeria,NGA,2011,5.802
Nigeria,NGA,2012,5.758
Nigeria,NGA,2013,5.709
Nigeria,NGA,2014,5.653
Nigeria,NGA,2015,5.592
Nigeria,NGA,2016,5.526
Nigeria,NGA,2017,5.457
Nigeria,NGA,2018,5.387
Nigeria,NGA,2019,5.317
Nigeria,NGA,2020,5.248
No income group available,,2010,2.603
No income group available,,2011,2.596
No income group available,,2012,2.587
No income group available,,2013,2.574
No income group available,,2014,2.559
No income group available,,2015,2.54
No income group available,,2016,2.52
No income group available,,2017,2.498
No income group available,,2018,2.476
No income group available,,2019,2.454
No income group available,,2020,2.432
North Korea,PRK,2010,1.938
North Korea,PRK,2011,1.934
North Korea,PRK,2012,1.931
North Korea,PRK,2013,1.929
North Korea,PRK,2014,1.926
North Korea,PRK,2015,1.922
North Korea,PRK,2016,1.917
North Korea,PRK,2017,1.911
North Korea,PRK,2018,1.904
North Korea,PRK,2019,1.896
North Korea,PRK,2020,1.887
Northern Africa,,2010,3.229
Northern Africa,,2011,3.272
Northern Africa,,2012,3.306
Northern Africa,,2013,3.327
Northern Africa,,2014,3.335
Northern Africa,,2015,3.328
Northern Africa,,2016,3.307
Northern Africa,,2017,3.277
Northern Africa,,2018,3.242
Northern Africa,,2019,3.204
Northern Africa,,2020,3.165
Northern Africa and Western Asia,,2010,3.078
Northern Africa and Western Asia,,2011,3.079
Northern Africa and Western Asia,,2012,3.076
Northern Africa and Western Asia,,2013,3.066
Northern Africa and Western Asia,,2014,3.048
Northern Africa and Western Asia,,2015,3.023
Northern Africa and Western Asia,,2016,2.992
Northern Africa and Western Asia,,2017,2.957
Northern Africa and Western Asia,,2018,2.922
Northern Africa and Western Asia,,2019,2.887
Northern Africa and Western Asia,,2020,2.853
Northern America,,2010,1.941
Northern America,,2011,1.907
Northern America,,2012,1.873
Northern America,,2013,1.841
Northern America,,2014,1.812
Northern America,,2015,1.789
Northern America,,2016,1.771
Northern America,,2017,1.759
Northern America,,2018,1.751
Northern America,,2019,1.747
Northern America,,2020,1.746
Northern Europe,,2010,1.864
Northern Europe,,2011,1.86
Northern Europe,,2012,1.848
Northern Europe,,2013,1.832
Northern Europe,,2014,1.813
Northern Europe,,2015,1.794
Northern Europe,,2016,1.776
Northern Europe,,2017,1.761
Northern Europe,,2018,1.749
Northern Europe,,2019,1.742
Northern Europe,,2020,1.738
Norway,NOR,2010,1.89
Norway,NOR,2011,1.866
Norway,NOR,2012,1.836
Norway,NOR,2013,1.804
Norway,NOR,2014,1.771
Norway,NOR,2015,1.741
Norway,NOR,2016,1.716
Norway,NOR,2017,1.697
Norway,NOR,2018,1.684
Norway,NOR,2019,1.678
Norway,NOR,2020,1.678
Oceania,,2010,2.5
Oceania,,2011,2.479
Oceania,,2012,2.456
Oceania,,2013,2.433
Oceania,,2014,2.412
Oceania,,2015,2.393
Oceania,,2016,2.378
Oceania,,2017,2.363
Oceania,,2018,2.35
Oceania,,2019,2.337
Oceania,,2020,2.325
Oceania (excluding Australia and New Zealand),,2010,3.749
Oceania (excluding Australia and New Zealand),,2011,3.708
Oceania (excluding Australia and New Zealand),,2012,3.667
Oceania (excluding Australia and New Zealand),,2013,3.628
Oceania (excluding Australia and New Zealand),,2014,3.588
Oceania (excluding Australia and New Zealand),,2015,3.55
Oceania (excluding Australia and New Zealand),,2016,3.512
Oceania (excluding Australia and New Zealand),,2017,3.474
Oceania (excluding Australia and New Zealand),,2018,3.437
Oceania (excluding Australia and New Zealand),,2019,3.4
Oceania (excluding Australia and New Zealand),,2020,3.363
Oman,OMN,2010,2.873
Oman,OMN,2011,2.882
Oman,OMN,2012,2.896
Oman,OMN,2013,2.913
Oman,OMN,2014,2.93
Oman,OMN,2015,2.939
Oman,OMN,2016,2.937
Oman,OMN,2017,2.92
Oman,OMN,2018,2.888
Oman,OMN,2019,2.842
Oman,OMN,2020,2.783
Pakistan,PAK,2010,3.951
Pakistan,PAK,2011,3.88
Pakistan,PAK,2012,3.816
Pakistan,PAK,2013,3.759
Pakistan,PAK,2014,3.708
Pakistan,PAK,2015,3.66
Pakistan,PAK,2016,3.612
Pakistan,PAK,2017,3.562
Pakistan,PAK,2018,3.51
Pakistan,PAK,2019,3.454
Pakistan,PAK,2020,3.394
Palestine,PSE,2010,4.437
Palestine,PSE,2011,4.36
Palestine,PSE,2012,4.272
Palestine,PSE,2013,4.174
Palestine,PSE,2014,4.067
Palestine,PSE,2015,3.955
Palestine,PSE,2016,3.844
Palestine,PSE,2017,3.738
Palestine,PSE,2018,3.643
Palestine,PSE,2019,3.56
Palestine,PSE,2020,3.489
Panama,PAN,2010,2.622
Panama,PAN,2011,2.613
Panama,PAN,2012,2.601
Panama,PAN,2013,2.584
Panama,PAN,2014,2.564
Panama,PAN,2015,2.54
Panama,PAN,2016,2.514
Panama,PAN,2017,2.487
Panama,PAN,2018,2.461
Panama,PAN,2019,2.437
Panama,PAN,2020,2.415
Papua New Guinea,PNG,2010,3.985
Papua New Guinea,PNG,2011,3.926
Papua New Guinea,PNG,2012,3.869
Papua New Guinea,PNG,2013,3.812
Papua New Guinea,PNG,2014,3.758
Papua New Guinea,PNG,2015,3.707
Papua New Guinea,PNG,2016,3.657
Papua New Guinea,PNG,2017,3.61
Papua New Guinea,PNG,2018,3.564
Papua New Guinea,PNG,2019,3.52
Papua New Guinea,PNG,2020,3.477
Paraguay,PRY,2010,2.73
Paraguay,PRY,2011,2.675
Paraguay,PRY,2012,2.625
Paraguay,PRY,2013,2.581
Paraguay,PRY,2014,2.542
Paraguay,PRY,2015,2.508
Paraguay,PRY,2016,2.479
Paraguay,PRY,2017,2.453
Paraguay,PRY,2018,2.429
Paraguay,PRY,2019,2.405
Paraguay,PRY,2020,2.383
Peru,PER,2010,2.546
Peru,PER,2011,2.493
Peru,PER,2012,2.441
Peru,PER,2013,2.394
Peru,PER,2014,2.355
Peru,PER,2015,2.323
Peru,PER,2016,2.297
Peru,PER,2017,2.275
Peru,PER,2018,2.254
Peru,PER,2019,2.233
Peru,PER,2020,2.212
Philippines,PHL,2010,3.18
Philippines,PHL,2011,3.121
Philippines,PHL,2012,3.055
Philippines,PHL,2013,2.979
Philippines,PHL,2014,2.894
Philippines,PHL,2015,2.805
Philippines,PHL,2016,2.718
Philippines,PHL,2017,2.64
Philippines,PHL,2018,2.576
Philippines,PHL,2019,2.526
Philippines,PHL,2020,2.49
Poland,POL,2010,1.355
Poland,POL,2011,1.351
Poland,POL,2012,1.348
Poland,POL,2013,1.35
Poland,POL,2014,1.358
Poland,POL,2015,1.371
Poland,POL,2016,1.387
Poland,POL,2017,1.405
Poland,POL,2018,1.421
Poland,POL,2019,1.435
Poland,POL,2020,1.446
Portugal,PRT,2010,1.321
Portugal,PRT,2011,1.305
Portugal,PRT,2012,1.291
Portugal,PRT,2013,1.281
Portugal,PRT,2014,1.276
Portugal,PRT,2015,1.274
Portugal,PRT,2016,1.277
Portugal,PRT,2017,1.283
Portugal,PRT,2018,1.292
Portugal,PRT,2019,1.303
Portugal,PRT,2020,1.315
Puerto Rico,PRI,2010,1.621
Puerto Rico,PRI,2011,1.572
Puerto Rico,PRI,2012,1.519
Puerto Rico,PRI,2013,1.462
Puerto Rico,PRI,2014,1.403
Puerto Rico,PRI,2015,1.347
Puerto Rico,PRI,2016,1.295
Puerto Rico,PRI,2017,1.251
Puerto Rico,PRI,2018,1.217
Puerto Rico,PRI,2019,1.192
Puerto Rico,PRI,2020,1.177
Qatar,QAT,2010,2.07
Qatar,QAT,2011,2.027
Qatar,QAT,2012,1.997
Qatar,QAT,2013,1.972
Qatar,QAT,2014,1.95
Qatar,QAT,2015,1.929
Qatar,QAT,2016,1.907
Qatar,QAT,2017,1.886
Qatar,QAT,2018,1.866
Qatar,QAT,2019,1.846
Qatar,QAT,2020,1.827
Reunion,REU,2010,2.405
Reunion,REU,2011,2.402
Reunion,REU,2012,2.396
Reunion,REU,2013,2.384
Reunion,REU,2014,2.367
Reunion,REU,2015,2.346
Reunion,REU,2016,2.32
Reunion,REU,2017,2.292
Reunion,REU,2018,2.265
Reunion,REU,2019,2.238
Reunion,REU,2020,2.213
Romania,ROU,2010,1.518
Romania,ROU,2011,1.521
Romania,ROU,2012,1.525
Romania,ROU,2013,1.534
Romania,ROU,2014,1.547
Romania,ROU,2015,1.564
Romania,ROU,2016,1.584
Romania,ROU,2017,1.603
Romania,ROU,2018,1.619
Romania,ROU,2019,1.631
Romania,ROU,2020,1.64
Russia,RUS,2010,1.58
Russia,RUS,2011,1.627
Russia,RUS,2012,1.672
Russia,RUS,2013,1.713
Russia,RUS,2014,1.748
Russia,RUS,2015,1.777
Russia,RUS,2016,1.799
Russia,RUS,2017,1.814
Russia,RUS,2018,1.824
Russia,RUS,2019,1.83
Russia,RUS,2020,1.832
Rwanda,RWA,2010,4.52
Rwanda,RWA,2011,4.412
Rwanda,RWA,2012,4.322
Rwanda,RWA,2013,4.251
Rwanda,RWA,2014,4.197
Rwanda,RWA,2015,4.157
Rwanda,RWA,2016,4.123
Rwanda,RWA,2017,4.088
Rwanda,RWA,2018,4.044
Rwanda,RWA,2019,3.99
Rwanda,RWA,2020,3.926
Saint Lucia,LCA,2010,1.538
Saint Lucia,LCA,2011,1.522
Saint Lucia,LCA,2012,1.508
Saint Lucia,LCA,2013,1.496
Saint Lucia,LCA,2014,1.485
Saint Lucia,LCA,2015,1.473
Saint Lucia,LCA,2016,1.461
Saint Lucia,LCA,2017,1.448
Saint Lucia,LCA,2018,1.436
Saint Lucia,LCA,2019,1.424
Saint Lucia,LCA,2020,1.411
Saint Vincent and the Grenadines,VCT,2010,2.07
Saint Vincent and the Grenadines,VCT,2011,2.046
Saint Vincent and the Grenadines,VCT,2012,2.021
Saint Vincent and the Grenadines,VCT,2013,1.998
Saint Vincent and the Grenadines,VCT,2014,1.975
Saint Vincent and the Grenadines,VCT,2015,1.953
Saint Vincent and the Grenadines,VCT,2016,1.931
Saint Vincent and the Grenadines,VCT,2017,1.911
Saint Vincent and the Grenadines,VCT,2018,1.891
Saint Vincent and the Grenadines,VCT,2019,1.872
Saint Vincent and the Grenadines,VCT,2020,1.854
Samoa,WSM,2010,4.338
Samoa,WSM,2011,4.277
Samoa,WSM,2012,4.212
Samoa,WSM,2013,4.147
Samoa,WSM,2014,4.086
Samoa,WSM,2015,4.029
Samoa,WSM,2016,3.976
Samoa,WSM,2017,3.926
Samoa,WSM,2018,3.877
Samoa,WSM,2019,3.83
Samoa,WSM,2020,3.785
Sao Tome and Principe,STP,2010,4.727
Sao Tome and Principe,STP,2011,4.677
Sao Tome and Principe,STP,2012,4.627
Sao Tome and Principe,STP,2013,4.577
Sao Tome and Principe,STP,2014,4.527
Sao Tome and Principe,STP,2015,4.477
Sao Tome and Principe,STP,2016,4.426
Sao Tome and Principe,STP,2017,4.374
Sao Tome and Principe,STP,2018,4.321
Sao Tome and Principe,STP,2019,4.267
Sao Tome and Principe,STP,2020,4.214
Saudi Arabia,SAU,2010,2.97
Saudi Arabia,SAU,2011,2.871
Saudi Arabia,SAU,2012,2.773
Saudi Arabia,SAU,2013,2.678
Saudi Arabia,SAU,2014,2.589
Saudi Arabia,SAU,2015,2.507
Saudi Arabia,SAU,2016,2.435
Saudi Arabia,SAU,2017,2.373
Saudi Arabia,SAU,2018,2.319
Saudi Arabia,SAU,2019,2.275
Saudi Arabia,SAU,2020,2.238
Senegal,SEN,2010,5.064
Senegal,SEN,2011,5.039
Senegal,SEN,2012,5.005
Senegal,SEN,2013,4.96
Senegal,SEN,2014,4.905
Senegal,SEN,2015,4.841
Senegal,SEN,2016,4.77
Senegal,SEN,2017,4.697
Senegal,SEN,2018,4.625
Senegal,SEN,2019,4.556
Senegal,SEN,2020,4.491
Serbia,SRB,2010,1.513
Serbia,SRB,2011,1.492
Serbia,SRB,2012,1.475
Serbia,SRB,2013,1.464
Serbia,SRB,2014,1.458
Serbia,SRB,2015,1.455
Serbia,SRB,2016,1.454
Serbia,SRB,2017,1.453
Serbia,SRB,2018,1.451
Serbia,SRB,2019,1.447
Serbia,SRB,2020,1.441
Seychelles,SYC,2010,2.342
Seychelles,SYC,2011,2.36
Seychelles,SYC,2012,2.379
Seychelles,SYC,2013,2.399
Seychelles,SYC,2014,2.419
Seychelles,SYC,2015,2.435
Seychelles,SYC,2016,2.447
Seychelles,SYC,2017,2.45
Seychelles,SYC,2018,2.446
Seychelles,SYC,2019,2.433
Seychelles,SYC,2020,2.414
Sierra Leone,SLE,2010,5.202
Sierra Leone,SLE,2011,5.06
Sierra Leone,SLE,2012,4.923
Sierra Leone,SLE,2013,4.793
Sierra Leone,SLE,2014,4.672
Sierra Leone,SLE,2015,4.561
Sierra Leone,SLE,2016,4.457
Sierra Leone,SLE,2017,4.359
Sierra Leone,SLE,2018,4.263
Sierra Leone,SLE,2019,4.169
Sierra Leone,SLE,2020,4.077
Singapore,SGP,2010,1.239
Singapore,SGP,2011,1.235
Singapore,SGP,2012,1.23
Singapore,SGP,2013,1.225
Singapore,SGP,2014,1.221
Singapore,SGP,2015,1.216
Singapore,SGP,2016,1.213
Singapore,SGP,2017,1.212
Singapore,SGP,2018,1.213
Singapore,SGP,2019,1.217
Singapore,SGP,2020,1.223
Slovakia,SVK,2010,1.346
Slovakia,SVK,2011,1.361
Slovakia,SVK,2012,1.378
Slovakia,SVK,2013,1.397
Slovakia,SVK,2014,1.419
Slovakia,SVK,2015,1.442
Slovakia,SVK,2016,1.465
Slovakia,SVK,2017,1.487
Slovakia,SVK,2018,1.505
Slovakia,SVK,2019,1.521
Slovakia,SVK,2020,1.533
Slovenia,SVN,2010,1.519
Slovenia,SVN,2011,1.545
Slovenia,SVN,2012,1.564
Slovenia,SVN,2013,1.579
Slovenia,SVN,2014,1.589
Slovenia,SVN,2015,1.596
Slovenia,SVN,2016,1.6
Slovenia,SVN,2017,1.604
Slovenia,SVN,2018,1.608
Slovenia,SVN,2019,1.613
Slovenia,SVN,2020,1.619
Small Island Developing States (SIDS),,2010,2.596
Small Island Developing States (SIDS),,2011,2.578
Small Island Developing States (SIDS),,2012,2.559
Small Island Developing States (SIDS),,2013,2.54
Small Island Developing States (SIDS),,2014,2.521
Small Island Developing States (SIDS),,2015,2.501
Small Island Developing States (SIDS),,2016,2.481
Small Island Developing States (SIDS),,2017,2.462
Small Island Developing States (SIDS),,2018,2.443
Small Island Developing States (SIDS),,2019,2.425
Small Island Developing States (SIDS),,2020,2.408
Solomon Islands,SLB,2010,4.403
Solomon Islands,SLB,2011,4.413
Solomon Islands,SLB,2012,4.428
Solomon Islands,SLB,2013,4.443
Solomon Islands,SLB,2014,4.455
Solomon Islands,SLB,2015,4.459
Solomon Islands,SLB,2016,4.452
Solomon Islands,SLB,2017,4.434
Solomon Islands,SLB,2018,4.403
Solomon Islands,SLB,2019,4.361
Solomon Islands,SLB,2020,4.309
Somalia,SOM,2010,6.865
Somalia,SOM,2011,6.765
Somalia,SOM,2012,6.664
Somalia,SOM,2013,6.563
Somalia,SOM,2014,6.462
Somalia,SOM,2015,6.363
Somalia,SOM,2016,6.265
Somalia,SOM,2017,6.168
Somalia,SOM,2018,6.072
Somalia,SOM,2019,5.978
Somalia,SOM,2020,5.885
South Africa,ZAF,2010,2.598
South Africa,ZAF,2011,2.582
South Africa,ZAF,2012,2.561
South Africa,ZAF,2013,2.537
South Africa,ZAF,2014,2.511
South Africa,ZAF,2015,2.484
South Africa,ZAF,2016,2.457
South Africa,ZAF,2017,2.43
South Africa,ZAF,2018,2.405
South Africa,ZAF,2019,2.381
South Africa,ZAF,2020,2.358
South America,,2010,2.063
South America,,2011,2.041
South America,,2012,2.023
South America,,2013,2.007
South America,,2014,1.992
South America,,2015,1.978
South America,,2016,1.964
South America,,2017,1.951
South America,,2018,1.937
South America,,2019,1.922
South America,,2020,1.908
South Eastern Asia,,2010,2.38
South Eastern Asia,,2011,2.364
South Eastern Asia,,2012,2.346
South Eastern Asia,,2013,2.326
South Eastern Asia,,2014,2.304
South Eastern Asia,,2015,2.282
South Eastern Asia,,2016,2.259
South Eastern Asia,,2017,2.236
South Eastern Asia,,2018,2.215
South Eastern Asia,,2019,2.195
South Eastern Asia,,2020,2.178
South Korea,KOR,2010,1.208
South Korea,KOR,2011,1.216
South Korea,KOR,2012,1.218
South Korea,KOR,2013,1.212
South Korea,KOR,2014,1.198
South Korea,KOR,2015,1.178
South Korea,KOR,2016,1.155
South Korea,KOR,2017,1.131
South Korea,KOR,2018,1.11
South Korea,KOR,2019,1.093
South Korea,KOR,2020,1.082
South Sudan,SSD,2010,5.376
South Sudan,SSD,2011,5.286
South Sudan,SSD,2012,5.197
South Sudan,SSD,2013,5.108
South Sudan,SSD,2014,5.022
South Sudan,SSD,2015,4.937
South Sudan,SSD,2016,4.855
South Sudan,SSD,2017,4.775
South Sudan,SSD,2018,4.696
South Sudan,SSD,2019,4.619
South Sudan,SSD,2020,4.543
Southern Africa,,2010,2.683
Southern Africa,,2011,2.666
Southern Africa,,2012,2.646
Southern Africa,,2013,2.622
Southern Africa,,2014,2.597
Southern Africa,,2015,2.57
Southern Africa,,2016,2.543
Southern Africa,,2017,2.516
Southern Africa,,2018,2.489
Southern Africa,,2019,2.463
Southern Africa,,2020,2.439
Southern Asia,,2010,2.688
Southern Asia,,2011,2.624
Southern Asia,,2012,2.567
Southern Asia,,2013,2.518
Southern Asia,,2014,2.478
Southern Asia,,2015,2.446
Southern Asia,,2016,2.42
Southern Asia,,2017,2.398
Southern Asia,,2018,2.376
Southern Asia,,2019,2.355
Southern Asia,,2020,2.333
Southern Europe,,2010,1.446
Southern Europe,,2011,1.433
Southern Europe,,2012,1.418
Southern Europe,,2013,1.404
Southern Europe,,2014,1.391
Southern Europe,,2015,1.381
Southern Europe,,2016,1.373
Southern Europe,,2017,1.367
Southern Europe,,2018,1.363
Southern Europe,,2019,1.359
Southern Europe,,2020,1.357
Spain,ESP,2010,1.402
Spain,ESP,2011,1.378
Spain,ESP,2012,1.353
Spain,ESP,2013,1.333
Spain,ESP,2014,1.32
Spain,ESP,2015,1.314
Spain,ESP,2016,1.316
Spain,ESP,2017,1.323
Spain,ESP,2018,1.333
Spain,ESP,2019,1.344
Spain,ESP,2020,1.356
Sri Lanka,LKA,2010,2.248
Sri Lanka,LKA,2011,2.237
Sri Lanka,LKA,2012,2.227
Sri Lanka,LKA,2013,2.22
Sri Lanka,LKA,2014,2.216
Sri Lanka,LKA,2015,2.213
Sri Lanka,LKA,2016,2.211
Sri Lanka,LKA,2017,2.206
Sri Lanka,LKA,2018,2.199
Sri Lanka,LKA,2019,2.188
Sri Lanka,LKA,2020,2.174
Sub-Saharan Africa,,2010,5.261
Sub-Saharan Africa,,2011,5.197
Sub-Saharan Africa,,2012,5.129
Sub-Saharan Africa,,2013,5.059
Sub-Saharan Africa,,2014,4.986
Sub-Saharan Africa,,2015,4.913
Sub-Saharan Africa,,2016,4.838
Sub-Saharan Africa,,2017,4.765
Sub-Saharan Africa,,2018,4.693
Sub-Saharan Africa,,2019,4.623
Sub-Saharan Africa,,2020,4.555
Sudan,SDN,2010,4.876
Sudan,SDN,2011,4.824
Sudan,SDN,2012,4.771
Sudan,SDN,2013,4.715
Sudan,SDN,2014,4.656
Sudan,SDN,2015,4.594
Sudan,SDN,2016,4.532
Sudan,SDN,2017,4.469
Sudan,SDN,2018,4.407
Sudan,SDN,2019,4.347
Sudan,SDN,2020,4.289
Suriname,SUR,2010,2.61
Suriname,SUR,2011,2.587
Suriname,SUR,2012,2.565
Suriname,SUR,2013,2.543
Suriname,SUR,2014,2.519
Suriname,SUR,2015,2.494
Suriname,SUR,2016,2.469
Suriname,SUR,2017,2.443
Suriname,SUR,2018,2.418
Suriname,SUR,2019,2.394
Suriname,SUR,2020,2.371
Swaziland,SWZ,2010,3.342
Swaziland,SWZ,2011,3.264
Swaziland,SWZ,2012,3.195
Swaziland,SWZ,2013,3.139
Swaziland,SWZ,2014,3.097
Swaziland,SWZ,2015,3.065
Swaziland,SWZ,2016,3.041
Swaziland,SWZ,2017,3.018
Swaziland,SWZ,2018,2.99
Swaziland,SWZ,2019,2.958
Swaziland,SWZ,2020,2.919
Sweden,SWE,2010,1.917
Sweden,SWE,2011,1.916
Sweden,SWE,2012,1.91
Sweden,SWE,2013,1.901
Sweden,SWE,2014,1.889
Sweden,SWE,2015,1.878
Sweden,SWE,2016,1.868
Sweden,SWE,2017,1.859
Sweden,SWE,2018,1.852
Sweden,SWE,2019,1.846
Sweden,SWE,2020,1.843
Switzerland,CHE,2010,1.501
Switzerland,CHE,2011,1.512
Switzerland,CHE,2012,1.52
Switzerland,CHE,2013,1.526
Switzerland,CHE,2014,1.53
Switzerland,CHE,2015,1.533
Switzerland,CHE,2016,1.535
Switzerland,CHE,2017,1.537
Switzerland,CHE,2018,1.539
Switzerland,CHE,2019,1.542
Switzerland,CHE,2020,1.546
Syria,SYR,2010,3.404
Syria,SYR,2011,3.29
Syria,SYR,2012,3.181
Syria,SYR,2013,3.085
Syria,SYR,2014,3.005
Syria,SYR,2015,2.94
Syria,SYR,2016,2.889
Syria,SYR,2017,2.847
Syria,SYR,2018,2.808
Syria,SYR,2019,2.771
Syria,SYR,2020,2.734
Taiwan,TWN,2010,1.054
Taiwan,TWN,2011,1.066
Taiwan,TWN,2012,1.081
Taiwan,TWN,2013,1.097
Taiwan,TWN,2014,1.112
Taiwan,TWN,2015,1.125
Taiwan,TWN,2016,1.135
Taiwan,TWN,2017,1.147
Taiwan,TWN,2018,1.16
Taiwan,TWN,2019,1.174
Taiwan,TWN,2020,1.191
Tajikistan,TJK,2010,3.599
Tajikistan,TJK,2011,3.603
Tajikistan,TJK,2012,3.608
Tajikistan,TJK,2013,3.615
Tajikistan,TJK,2014,3.621
Tajikistan,TJK,2015,3.623
Tajikistan,TJK,2016,3.618
Tajikistan,TJK,2017,3.606
Tajikistan,TJK,2018,3.585
Tajikistan,TJK,2019,3.556
Tajikistan,TJK,2020,3.52
Tanzania,TZA,2010,5.427
Tanzania,TZA,2011,5.358
Tanzania,TZA,2012,5.287
Tanzania,TZA,2013,5.215
Tanzania,TZA,2014,5.146
Tanzania,TZA,2015,5.079
Tanzania,TZA,2016,5.015
Tanzania,TZA,2017,4.953
Tanzania,TZA,2018,4.892
Tanzania,TZA,2019,4.832
Tanzania,TZA,2020,4.773
Thailand,THA,2010,1.542
Thailand,THA,2011,1.539
Thailand,THA,2012,1.538
Thailand,THA,2013,1.538
Thailand,THA,2014,1.538
Thailand,THA,2015,1.538
Thailand,THA,2016,1.537
Thailand,THA,2017,1.532
Thailand,THA,2018,1.525
Thailand,THA,2019,1.514
Thailand,THA,2020,1.501
Timor,TLS,2010,4.805
Timor,TLS,2011,4.637
Timor,TLS,2012,4.497
Timor,TLS,2013,4.383
Timor,TLS,2014,4.292
Timor,TLS,2015,4.219
Timor,TLS,2016,4.156
Timor,TLS,2017,4.093
Timor,TLS,2018,4.023
Timor,TLS,2019,3.943
Timor,TLS,2020,3.853
Togo,TGO,2010,4.868
Togo,TGO,2011,4.798
Togo,TGO,2012,4.727
Togo,TGO,2013,4.656
Togo,TGO,2014,4.585
Togo,TGO,2015,4.516
Togo,TGO,2016,4.449
Togo,TGO,2017,4.384
Togo,TGO,2018,4.32
Togo,TGO,2019,4.259
Togo,TGO,2020,4.199
Tonga,TON,2010,3.913
Tonga,TON,2011,3.864
Tonga,TON,2012,3.815
Tonga,TON,2013,3.768
Tonga,TON,2014,3.722
Tonga,TON,2015,3.678
Tonga,TON,2016,3.636
Tonga,TON,2017,3.595
Tonga,TON,2018,3.556
Tonga,TON,2019,3.518
Tonga,TON,2020,3.481
Trinidad and Tobago,TTO,2010,1.806
Trinidad and Tobago,TTO,2011,1.804
Trinidad and Tobago,TTO,2012,1.799
Trinidad and Tobago,TTO,2013,1.79
Trinidad and Tobago,TTO,2014,1.78
Trinidad and Tobago,TTO,2015,1.767
Trinidad and Tobago,TTO,2016,1.753
Trinidad and Tobago,TTO,2017,1.739
Trinidad and Tobago,TTO,2018,1.725
Trinidad and Tobago,TTO,2019,1.711
Trinidad and Tobago,TTO,2020,1.699
Tunisia,TUN,2010,2.14
Tunisia,TUN,2011,2.182
Tunisia,TUN,2012,2.216
Tunisia,TUN,2013,2.24
Tunisia,TUN,2014,2.252
Tunisia,TUN,2015,2.251
Tunisia,TUN,2016,2.238
Tunisia,TUN,2017,2.219
Tunisia,TUN,2018,2.197
Tunisia,TUN,2019,2.174
Tunisia,TUN,2020,2.151
Turkey,TUR,2010,2.151
Turkey,TUR,2011,2.137
Turkey,TUR,2012,2.126
Turkey,TUR,2013,2.117
Turkey,TUR,2014,2.109
Turkey,TUR,2015,2.101
Turkey,TUR,2016,2.092
Turkey,TUR,2017,2.081
Turkey,TUR,2018,2.069
Turkey,TUR,2019,2.055
Turkey,TUR,2020,2.039
Turkmenistan,TKM,2010,2.833
Turkmenistan,TKM,2011,2.892
Turkmenistan,TKM,2012,2.936
Turkmenistan,TKM,2013,2.958
Turkmenistan,TKM,2014,2.956
Turkmenistan,TKM,2015,2.93
Turkmenistan,TKM,2016,2.887
Turkmenistan,TKM,2017,2.836
Turkmenistan,TKM,2018,2.786
Turkmenistan,TKM,2019,2.74
Turkmenistan,TKM,2020,2.701
Uganda,UGA,2010,6.111
Uganda,UGA,2011,5.983
Uganda,UGA,2012,5.845
Uganda,UGA,2013,5.699
Uganda,UGA,2014,5.547
Uganda,UGA,2015,5.394
Uganda,UGA,2016,5.242
Uganda,UGA,2017,5.095
Uganda,UGA,2018,4.955
Uganda,UGA,2019,4.824
Uganda,UGA,2020,4.703
Ukraine,UKR,2010,1.456
Ukraine,UKR,2011,1.474
Ukraine,UKR,2012,1.483
Ukraine,UKR,2013,1.486
Ukraine,UKR,2014,1.483
Ukraine,UKR,2015,1.475
Ukraine,UKR,2016,1.466
Ukraine,UKR,2017,1.455
Ukraine,UKR,2018,1.446
Ukraine,UKR,2019,1.438
Ukraine,UKR,2020,1.434
United Arab Emirates,ARE,2010,1.819
United Arab Emirates,ARE,2011,1.763
United Arab Emirates,ARE,2012,1.708
United Arab Emirates,ARE,2013,1.651
United Arab Emirates,ARE,2014,1.595
United Arab Emirates,ARE,2015,1.541
United Arab Emirates,ARE,2016,1.491
United Arab Emirates,ARE,2017,1.448
United Arab Emirates,ARE,2018,1.413
United Arab Emirates,ARE,2019,1.387
United Arab Emirates,ARE,2020,1.369
United Kingdom,GBR,2010,1.887
United Kingdom,GBR,2011,1.884
United Kingdom,GBR,2012,1.872
United Kingdom,GBR,2013,1.854
United Kingdom,GBR,2014,1.832
United Kingdom,GBR,2015,1.809
United Kingdom,GBR,2016,1.787
United Kingdom,GBR,2017,1.769
United Kingdom,GBR,2018,1.755
United Kingdom,GBR,2019,1.746
United Kingdom,GBR,2020,1.743
United States,USA,2010,1.973
United States,USA,2011,1.937
United States,USA,2012,1.9
United States,USA,2013,1.866
United States,USA,2014,1.836
United States,USA,2015,1.812
United States,USA,2016,1.794
United States,USA,2017,1.782
United States,USA,2018,1.775
United States,USA,2019,1.772
United States,USA,2020,1.772
United States Virgin Islands,VIR,2010,2.391
United States Virgin Islands,VIR,2011,2.36
United States Virgin Islands,VIR,2012,2.317
United States Virgin Islands,VIR,2013,2.267
United States Virgin Islands,VIR,2014,2.215
United States Virgin Islands,VIR,2015,2.164
United States Virgin Islands,VIR,2016,2.117
United States Virgin Islands,VIR,2017,2.076
United States Virgin Islands,VIR,2018,2.041
United States Virgin Islands,VIR,2019,2.014
United States Virgin Islands,VIR,2020,1.993
Upper-middle-income countries,,2010,1.847
Upper-middle-income countries,,2011,1.856
Upper-middle-income countries,,2012,1.865
Upper-middle-income countries,,2013,1.875
Upper-middle-income countries,,2014,1.883
Upper-middle-income countries,,2015,1.89
Upper-middle-income countries,,2016,1.894
Upper-middle-income countries,,2017,1.896
Upper-middle-income countries,,2018,1.895
Upper-middle-income countries,,2019,1.892
Upper-middle-income countries,,2020,1.887
Uruguay,URY,2010,2.011
Uruguay,URY,2011,2.008
Uruguay,URY,2012,2.006
Uruguay,URY,2013,2.004
Uruguay,URY,2014,2.002
Uruguay,URY,2015,1.997
Uruguay,URY,2016,1.991
Uruguay,URY,2017,1.983
Uruguay,URY,2018,1.973
Uruguay,URY,2019,1.963
Uruguay,URY,2020,1.952
Uzbekistan,UZB,2010,2.457
Uzbekistan,UZB,2011,2.449
Uzbekistan,UZB,2012,2.442
Uzbekistan,UZB,2013,2.438
Uzbekistan,UZB,2014,2.436
Uzbekistan,UZB,2015,2.435
Uzbekistan,UZB,2016,2.432
Uzbekistan,UZB,2017,2.425
Uzbekistan,UZB,2018,2.414
Uzbekistan,UZB,2019,2.398
Uzbekistan,UZB,2020,2.377
Vanuatu,VUT,2010,4.1
Vanuatu,VUT,2011,4.06
Vanuatu,VUT,2012,4.019
Vanuatu,VUT,2013,3.979
Vanuatu,VUT,2014,3.939
Vanuatu,VUT,2015,3.898
Vanuatu,VUT,2016,3.859
Vanuatu,VUT,2017,3.82
Vanuatu,VUT,2018,3.782
Vanuatu,VUT,2019,3.744
Vanuatu,VUT,2020,3.707
Venezuela,VEN,2010,2.471
Venezuela,VEN,2011,2.444
Venezuela,VEN,2012,2.417
Venezuela,VEN,2013,2.39
Venezuela,VEN,2014,2.365
Venezuela,VEN,2015,2.34
Venezuela,VEN,2016,2.317
Venezuela,VEN,2017,2.294
Venezuela,VEN,2018,2.272
Venezuela,VEN,2019,2.25
Venezuela,VEN,2020,2.23
Vietnam,VNM,2010,1.938
Vietnam,VNM,2011,1.949
Vietnam,VNM,2012,1.962
Vietnam,VNM,2013,1.978
Vietnam,VNM,2014,1.996
Vietnam,VNM,2015,2.014
Vietnam,VNM,2016,2.03
Vietnam,VNM,2017,2.042
Vietnam,VNM,2018,2.049
Vietnam,VNM,2019,2.05
Vietnam,VNM,2020,2.046
Western Africa,,2010,5.638
Western Africa,,2011,5.59
Western Africa,,2012,5.538
Western Africa,,2013,5.482
Western Africa,,2014,5.422
Western Africa,,2015,5.357
Western Africa,,2016,5.29
Western Africa,,2017,5.222
Western Africa,,2018,5.153
Western Africa,,2019,5.084
Western Africa,,2020,5.016
Western Asia,,2010,2.943
Western Asia,,2011,2.908
Western Asia,,2012,2.871
Western Asia,,2013,2.833
Western Asia,,2014,2.793
Western Asia,,2015,2.753
Western Asia,,2016,2.713
Western Asia,,2017,2.675
Western Asia,,2018,2.64
Western Asia,,2019,2.608
Western Asia,,2020,2.579
Western Sahara,ESH,2010,2.565
Western Sahara,ESH,2011,2.572
Western Sahara,ESH,2012,2.574
Western Sahara,ESH,2013,2.567
Western Sahara,ESH,2014,2.549
Western Sahara,ESH,2015,2.521
Western Sahara,ESH,2016,2.485
Western Sahara,ESH,2017,2.446
Western Sahara,ESH,2018,2.407
Western Sahara,ESH,2019,2.372
Western Sahara,ESH,2020,2.34
World,OWID_WRL,2010,2.549
World,OWID_WRL,2011,2.536
World,OWID_WRL,2012,2.524
World,OWID_WRL,2013,2.512
World,OWID_WRL,2014,2.501
World,OWID_WRL,2015,2.491
World,OWID_WRL,2016,2.481
World,OWID_WRL,2017,2.472
World,OWID_WRL,2018,2.462
World,OWID_WRL,2019,2.452
World,OWID_WRL,2020,2.442
Yemen,YEM,2010,4.674
Yemen,YEM,2011,4.554
Yemen,YEM,2012,4.439
Yemen,YEM,2013,4.326
Yemen,YEM,2014,4.214
Yemen,YEM,2015,4.103
Yemen,YEM,2016,3.994
Yemen,YEM,2017,3.89
Yemen,YEM,2018,3.792
Yemen,YEM,2019,3.7
Yemen,YEM,2020,3.614
Zambia,ZMB,2010,5.415
Zambia,ZMB,2011,5.328
Zambia,ZMB,2012,5.233
Zambia,ZMB,2013,5.132
Zambia,ZMB,2014,5.026
Zambia,ZMB,2015,4.918
Zambia,ZMB,2016,4.814
Zambia,ZMB,2017,4.718
Zambia,ZMB,2018,4.633
Zambia,ZMB,2019,4.559
Zambia,ZMB,2020,4.496
Zimbabwe,ZWE,2010,4.034
Zimbabwe,ZWE,2011,4.059
Zimbabwe,ZWE,2012,4.058
Zimbabwe,ZWE,2013,4.03
Zimbabwe,ZWE,2014,3.974
Zimbabwe,ZWE,2015,3.896
Zimbabwe,ZWE,2016,3.804
Zimbabwe,ZWE,2017,3.707
Zimbabwe,ZWE,2018,3.615
Zimbabwe,ZWE,2019,3.531
Zimbabwe,ZWE,2020,3.46
